Command line invocation:
    /Applications/Xcode.app/Contents/Developer/usr/bin/xcodebuild build -scheme CharadesTiltGuess -destination "generic/platform=iOS Simulator"

ComputePackagePrebuildTargetDependencyGraph

Prepare packages

CreateBuildRequest

SendProjectDescription

CreateBuildOperation

ComputeTargetDependencyGraph
note: Building targets in dependency order
note: Target dependency graph (1 target)
    Target 'CharadesTiltGuess' in project 'CharadesTiltGuess' (no dependencies)

GatherProvisioningInputs

CreateBuildDescription

ExecuteExternalTool /Applications/Xcode.app/Contents/Developer/Toolchains/XcodeDefault.xctoolchain/usr/bin/clang -v -E -dM -isysroot /Applications/Xcode.app/Contents/Developer/Platforms/iPhoneSimulator.platform/Developer/SDKs/iPhoneSimulator26.5.sdk -x c -c /dev/null

ExecuteExternalTool /Applications/Xcode.app/Contents/Developer/usr/bin/actool --print-asset-tag-combinations --output-format xml1 /Users/hyder/Documents/Projects/Charades/CharadesTiltGuess/Assets.xcassets

ExecuteExternalTool /Applications/Xcode.app/Contents/Developer/usr/bin/actool --version --output-format xml1

ExecuteExternalTool /Applications/Xcode.app/Contents/Developer/Toolchains/XcodeDefault.xctoolchain/usr/bin/swiftc --version

ExecuteExternalTool /Applications/Xcode.app/Contents/Developer/Toolchains/XcodeDefault.xctoolchain/usr/bin/ld -version_details

Build description signature: 39d19ed34885f91a87afc1bb44711f0c
Build description path: /Users/hyder/Library/Developer/Xcode/DerivedData/CharadesTiltGuess-dofhjvdgiyaqetedgsrvlylfuexi/Build/Intermediates.noindex/XCBuildData/39d19ed34885f91a87afc1bb44711f0c.xcbuilddata
ClangStatCache /Applications/Xcode.app/Contents/Developer/Toolchains/XcodeDefault.xctoolchain/usr/bin/clang-stat-cache /Applications/Xcode.app/Contents/Developer/Platforms/iPhoneSimulator.platform/Developer/SDKs/iPhoneSimulator26.5.sdk /Users/hyder/Library/Developer/Xcode/DerivedData/SDKStatCaches.noindex/iphonesimulator26.5-23F73-6cfe768891a92b912361537c460fe42b.sdkstatcache
    cd /Users/hyder/Documents/Projects/Charades/CharadesTiltGuess.xcodeproj
    /Applications/Xcode.app/Contents/Developer/Toolchains/XcodeDefault.xctoolchain/usr/bin/clang-stat-cache /Applications/Xcode.app/Contents/Developer/Platforms/iPhoneSimulator.platform/Developer/SDKs/iPhoneSimulator26.5.sdk -o /Users/hyder/Library/Developer/Xcode/DerivedData/SDKStatCaches.noindex/iphonesimulator26.5-23F73-6cfe768891a92b912361537c460fe42b.sdkstatcache

WriteAuxiliaryFile /Users/hyder/Library/Developer/Xcode/DerivedData/CharadesTiltGuess-dofhjvdgiyaqetedgsrvlylfuexi/Build/Intermediates.noindex/CharadesTiltGuess.build/Debug-iphonesimulator/CharadesTiltGuess.build/Objects-normal/x86_64/CharadesTiltGuess.SwiftConstValuesFileList (in target 'CharadesTiltGuess' from project 'CharadesTiltGuess')
    cd /Users/hyder/Documents/Projects/Charades
    write-file /Users/hyder/Library/Developer/Xcode/DerivedData/CharadesTiltGuess-dofhjvdgiyaqetedgsrvlylfuexi/Build/Intermediates.noindex/CharadesTiltGuess.build/Debug-iphonesimulator/CharadesTiltGuess.build/Objects-normal/x86_64/CharadesTiltGuess.SwiftConstValuesFileList

WriteAuxiliaryFile /Users/hyder/Library/Developer/Xcode/DerivedData/CharadesTiltGuess-dofhjvdgiyaqetedgsrvlylfuexi/Build/Intermediates.noindex/CharadesTiltGuess.build/Debug-iphonesimulator/CharadesTiltGuess.build/Objects-normal/arm64/CharadesTiltGuess.SwiftConstValuesFileList (in target 'CharadesTiltGuess' from project 'CharadesTiltGuess')
    cd /Users/hyder/Documents/Projects/Charades
    write-file /Users/hyder/Library/Developer/Xcode/DerivedData/CharadesTiltGuess-dofhjvdgiyaqetedgsrvlylfuexi/Build/Intermediates.noindex/CharadesTiltGuess.build/Debug-iphonesimulator/CharadesTiltGuess.build/Objects-normal/arm64/CharadesTiltGuess.SwiftConstValuesFileList

WriteAuxiliaryFile /Users/hyder/Library/Developer/Xcode/DerivedData/CharadesTiltGuess-dofhjvdgiyaqetedgsrvlylfuexi/Build/Intermediates.noindex/CharadesTiltGuess.build/Debug-iphonesimulator/CharadesTiltGuess.build/Objects-normal/arm64/CharadesTiltGuess-OutputFileMap.json (in target 'CharadesTiltGuess' from project 'CharadesTiltGuess')
    cd /Users/hyder/Documents/Projects/Charades
    write-file /Users/hyder/Library/Developer/Xcode/DerivedData/CharadesTiltGuess-dofhjvdgiyaqetedgsrvlylfuexi/Build/Intermediates.noindex/CharadesTiltGuess.build/Debug-iphonesimulator/CharadesTiltGuess.build/Objects-normal/arm64/CharadesTiltGuess-OutputFileMap.json

WriteAuxiliaryFile /Users/hyder/Library/Developer/Xcode/DerivedData/CharadesTiltGuess-dofhjvdgiyaqetedgsrvlylfuexi/Build/Intermediates.noindex/CharadesTiltGuess.build/Debug-iphonesimulator/CharadesTiltGuess.build/Objects-normal/x86_64/CharadesTiltGuess.LinkFileList (in target 'CharadesTiltGuess' from project 'CharadesTiltGuess')
    cd /Users/hyder/Documents/Projects/Charades
    write-file /Users/hyder/Library/Developer/Xcode/DerivedData/CharadesTiltGuess-dofhjvdgiyaqetedgsrvlylfuexi/Build/Intermediates.noindex/CharadesTiltGuess.build/Debug-iphonesimulator/CharadesTiltGuess.build/Objects-normal/x86_64/CharadesTiltGuess.LinkFileList

WriteAuxiliaryFile /Users/hyder/Library/Developer/Xcode/DerivedData/CharadesTiltGuess-dofhjvdgiyaqetedgsrvlylfuexi/Build/Intermediates.noindex/CharadesTiltGuess.build/Debug-iphonesimulator/CharadesTiltGuess.build/Objects-normal/x86_64/CharadesTiltGuess-OutputFileMap.json (in target 'CharadesTiltGuess' from project 'CharadesTiltGuess')
    cd /Users/hyder/Documents/Projects/Charades
    write-file /Users/hyder/Library/Developer/Xcode/DerivedData/CharadesTiltGuess-dofhjvdgiyaqetedgsrvlylfuexi/Build/Intermediates.noindex/CharadesTiltGuess.build/Debug-iphonesimulator/CharadesTiltGuess.build/Objects-normal/x86_64/CharadesTiltGuess-OutputFileMap.json

WriteAuxiliaryFile /Users/hyder/Library/Developer/Xcode/DerivedData/CharadesTiltGuess-dofhjvdgiyaqetedgsrvlylfuexi/Build/Intermediates.noindex/CharadesTiltGuess.build/Debug-iphonesimulator/CharadesTiltGuess.build/Objects-normal/arm64/CharadesTiltGuess.LinkFileList (in target 'CharadesTiltGuess' from project 'CharadesTiltGuess')
    cd /Users/hyder/Documents/Projects/Charades
    write-file /Users/hyder/Library/Developer/Xcode/DerivedData/CharadesTiltGuess-dofhjvdgiyaqetedgsrvlylfuexi/Build/Intermediates.noindex/CharadesTiltGuess.build/Debug-iphonesimulator/CharadesTiltGuess.build/Objects-normal/arm64/CharadesTiltGuess.LinkFileList

GenerateAssetSymbols /Users/hyder/Documents/Projects/Charades/CharadesTiltGuess/Assets.xcassets (in target 'CharadesTiltGuess' from project 'CharadesTiltGuess')
    cd /Users/hyder/Documents/Projects/Charades
    /Applications/Xcode.app/Contents/Developer/usr/bin/actool /Users/hyder/Documents/Projects/Charades/CharadesTiltGuess/Assets.xcassets --compile /Users/hyder/Library/Developer/Xcode/DerivedData/CharadesTiltGuess-dofhjvdgiyaqetedgsrvlylfuexi/Build/Products/Debug-iphonesimulator/CharadesTiltGuess.app --output-format human-readable-text --notices --warnings --export-dependency-info /Users/hyder/Library/Developer/Xcode/DerivedData/CharadesTiltGuess-dofhjvdgiyaqetedgsrvlylfuexi/Build/Intermediates.noindex/CharadesTiltGuess.build/Debug-iphonesimulator/CharadesTiltGuess.build/assetcatalog_dependencies --output-partial-info-plist /Users/hyder/Library/Developer/Xcode/DerivedData/CharadesTiltGuess-dofhjvdgiyaqetedgsrvlylfuexi/Build/Intermediates.noindex/CharadesTiltGuess.build/Debug-iphonesimulator/CharadesTiltGuess.build/assetcatalog_generated_info.plist --app-icon AppIcon --compress-pngs --enable-on-demand-resources YES --development-region en --target-device iphone --minimum-deployment-target 17.0 --platform iphonesimulator --bundle-identifier com.hyder.CharadesTiltGuess --generate-swift-asset-symbols /Users/hyder/Library/Developer/Xcode/DerivedData/CharadesTiltGuess-dofhjvdgiyaqetedgsrvlylfuexi/Build/Intermediates.noindex/CharadesTiltGuess.build/Debug-iphonesimulator/CharadesTiltGuess.build/DerivedSources/GeneratedAssetSymbols.swift --generate-objc-asset-symbols /Users/hyder/Library/Developer/Xcode/DerivedData/CharadesTiltGuess-dofhjvdgiyaqetedgsrvlylfuexi/Build/Intermediates.noindex/CharadesTiltGuess.build/Debug-iphonesimulator/CharadesTiltGuess.build/DerivedSources/GeneratedAssetSymbols.h --generate-asset-symbol-index /Users/hyder/Library/Developer/Xcode/DerivedData/CharadesTiltGuess-dofhjvdgiyaqetedgsrvlylfuexi/Build/Intermediates.noindex/CharadesTiltGuess.build/Debug-iphonesimulator/CharadesTiltGuess.build/DerivedSources/GeneratedAssetSymbols-Index.plist
/* com.apple.actool.compilation-results */
/Users/hyder/Library/Developer/Xcode/DerivedData/CharadesTiltGuess-dofhjvdgiyaqetedgsrvlylfuexi/Build/Intermediates.noindex/CharadesTiltGuess.build/Debug-iphonesimulator/CharadesTiltGuess.build/DerivedSources/GeneratedAssetSymbols-Index.plist
/Users/hyder/Library/Developer/Xcode/DerivedData/CharadesTiltGuess-dofhjvdgiyaqetedgsrvlylfuexi/Build/Intermediates.noindex/CharadesTiltGuess.build/Debug-iphonesimulator/CharadesTiltGuess.build/DerivedSources/GeneratedAssetSymbols.h
/Users/hyder/Library/Developer/Xcode/DerivedData/CharadesTiltGuess-dofhjvdgiyaqetedgsrvlylfuexi/Build/Intermediates.noindex/CharadesTiltGuess.build/Debug-iphonesimulator/CharadesTiltGuess.build/DerivedSources/GeneratedAssetSymbols.swift


CompileAssetCatalogVariant thinned /Users/hyder/Library/Developer/Xcode/DerivedData/CharadesTiltGuess-dofhjvdgiyaqetedgsrvlylfuexi/Build/Products/Debug-iphonesimulator/CharadesTiltGuess.app /Users/hyder/Documents/Projects/Charades/CharadesTiltGuess/Assets.xcassets (in target 'CharadesTiltGuess' from project 'CharadesTiltGuess')
    cd /Users/hyder/Documents/Projects/Charades
    /Applications/Xcode.app/Contents/Developer/usr/bin/actool /Users/hyder/Documents/Projects/Charades/CharadesTiltGuess/Assets.xcassets --compile /Users/hyder/Library/Developer/Xcode/DerivedData/CharadesTiltGuess-dofhjvdgiyaqetedgsrvlylfuexi/Build/Intermediates.noindex/CharadesTiltGuess.build/Debug-iphonesimulator/CharadesTiltGuess.build/assetcatalog_output/thinned --output-format human-readable-text --notices --warnings --export-dependency-info /Users/hyder/Library/Developer/Xcode/DerivedData/CharadesTiltGuess-dofhjvdgiyaqetedgsrvlylfuexi/Build/Intermediates.noindex/CharadesTiltGuess.build/Debug-iphonesimulator/CharadesTiltGuess.build/assetcatalog_dependencies_thinned --output-partial-info-plist /Users/hyder/Library/Developer/Xcode/DerivedData/CharadesTiltGuess-dofhjvdgiyaqetedgsrvlylfuexi/Build/Intermediates.noindex/CharadesTiltGuess.build/Debug-iphonesimulator/CharadesTiltGuess.build/assetcatalog_generated_info.plist_thinned --app-icon AppIcon --compress-pngs --enable-on-demand-resources YES --development-region en --target-device iphone --minimum-deployment-target 17.0 --platform iphonesimulator
/* com.apple.actool.compilation-results */
/Users/hyder/Library/Developer/Xcode/DerivedData/CharadesTiltGuess-dofhjvdgiyaqetedgsrvlylfuexi/Build/Intermediates.noindex/CharadesTiltGuess.build/Debug-iphonesimulator/CharadesTiltGuess.build/assetcatalog_generated_info.plist_thinned
/Users/hyder/Library/Developer/Xcode/DerivedData/CharadesTiltGuess-dofhjvdgiyaqetedgsrvlylfuexi/Build/Intermediates.noindex/CharadesTiltGuess.build/Debug-iphonesimulator/CharadesTiltGuess.build/assetcatalog_output/thinned/AppIcon60x60@2x.png
/Users/hyder/Library/Developer/Xcode/DerivedData/CharadesTiltGuess-dofhjvdgiyaqetedgsrvlylfuexi/Build/Intermediates.noindex/CharadesTiltGuess.build/Debug-iphonesimulator/CharadesTiltGuess.build/assetcatalog_output/thinned/AppIcon76x76@2x~ipad.png
/Users/hyder/Library/Developer/Xcode/DerivedData/CharadesTiltGuess-dofhjvdgiyaqetedgsrvlylfuexi/Build/Intermediates.noindex/CharadesTiltGuess.build/Debug-iphonesimulator/CharadesTiltGuess.build/assetcatalog_output/thinned/Assets.car


SwiftDriver CharadesTiltGuess normal x86_64 com.apple.xcode.tools.swift.compiler (in target 'CharadesTiltGuess' from project 'CharadesTiltGuess')
    cd /Users/hyder/Documents/Projects/Charades
    builtin-SwiftDriver -- /Applications/Xcode.app/Contents/Developer/Toolchains/XcodeDefault.xctoolchain/usr/bin/swiftc -module-name CharadesTiltGuess -Onone @/Users/hyder/Library/Developer/Xcode/DerivedData/CharadesTiltGuess-dofhjvdgiyaqetedgsrvlylfuexi/Build/Intermediates.noindex/CharadesTiltGuess.build/Debug-iphonesimulator/CharadesTiltGuess.build/Objects-normal/x86_64/CharadesTiltGuess.SwiftFileList -DDEBUG -enable-bare-slash-regex -enable-experimental-feature DebugDescriptionMacro -sdk /Applications/Xcode.app/Contents/Developer/Platforms/iPhoneSimulator.platform/Developer/SDKs/iPhoneSimulator26.5.sdk -target x86_64-apple-ios17.0-simulator -g -module-cache-path /Users/hyder/Library/Developer/Xcode/DerivedData/ModuleCache.noindex -Xfrontend -serialize-debugging-options -enable-testing -index-store-path /Users/hyder/Library/Developer/Xcode/DerivedData/CharadesTiltGuess-dofhjvdgiyaqetedgsrvlylfuexi/Index.noindex/DataStore -Xcc -D_LIBCPP_HARDENING_MODE\=_LIBCPP_HARDENING_MODE_DEBUG -swift-version 5 -I /Users/hyder/Library/Developer/Xcode/DerivedData/CharadesTiltGuess-dofhjvdgiyaqetedgsrvlylfuexi/Build/Products/Debug-iphonesimulator -F /Users/hyder/Library/Developer/Xcode/DerivedData/CharadesTiltGuess-dofhjvdgiyaqetedgsrvlylfuexi/Build/Products/Debug-iphonesimulator -emit-localized-strings -emit-localized-strings-path /Users/hyder/Library/Developer/Xcode/DerivedData/CharadesTiltGuess-dofhjvdgiyaqetedgsrvlylfuexi/Build/Intermediates.noindex/CharadesTiltGuess.build/Debug-iphonesimulator/CharadesTiltGuess.build/Objects-normal/x86_64 -c -j8 -enable-batch-mode -incremental -Xcc -ivfsstatcache -Xcc /Users/hyder/Library/Developer/Xcode/DerivedData/SDKStatCaches.noindex/iphonesimulator26.5-23F73-6cfe768891a92b912361537c460fe42b.sdkstatcache -output-file-map /Users/hyder/Library/Developer/Xcode/DerivedData/CharadesTiltGuess-dofhjvdgiyaqetedgsrvlylfuexi/Build/Intermediates.noindex/CharadesTiltGuess.build/Debug-iphonesimulator/CharadesTiltGuess.build/Objects-normal/x86_64/CharadesTiltGuess-OutputFileMap.json -use-frontend-parseable-output -save-temps -no-color-diagnostics -explicit-module-build -module-cache-path /Users/hyder/Library/Developer/Xcode/DerivedData/CharadesTiltGuess-dofhjvdgiyaqetedgsrvlylfuexi/Build/Intermediates.noindex/SwiftExplicitPrecompiledModules -clang-scanner-module-cache-path /Users/hyder/Library/Developer/Xcode/DerivedData/ModuleCache.noindex -sdk-module-cache-path /Users/hyder/Library/Developer/Xcode/DerivedData/ModuleCache.noindex -serialize-diagnostics -emit-dependencies -emit-module -emit-module-path /Users/hyder/Library/Developer/Xcode/DerivedData/CharadesTiltGuess-dofhjvdgiyaqetedgsrvlylfuexi/Build/Intermediates.noindex/CharadesTiltGuess.build/Debug-iphonesimulator/CharadesTiltGuess.build/Objects-normal/x86_64/CharadesTiltGuess.swiftmodule -validate-clang-modules-once -clang-build-session-file /Users/hyder/Library/Developer/Xcode/DerivedData/ModuleCache.noindex/Session.modulevalidation -Xcc -I/Users/hyder/Library/Developer/Xcode/DerivedData/CharadesTiltGuess-dofhjvdgiyaqetedgsrvlylfuexi/Build/Intermediates.noindex/CharadesTiltGuess.build/Debug-iphonesimulator/CharadesTiltGuess.build/swift-overrides.hmap -emit-const-values -Xfrontend -const-gather-protocols-file -Xfrontend /Users/hyder/Library/Developer/Xcode/DerivedData/CharadesTiltGuess-dofhjvdgiyaqetedgsrvlylfuexi/Build/Intermediates.noindex/CharadesTiltGuess.build/Debug-iphonesimulator/CharadesTiltGuess.build/Objects-normal/x86_64/CharadesTiltGuess_const_extract_protocols.json -Xcc -iquote -Xcc /Users/hyder/Library/Developer/Xcode/DerivedData/CharadesTiltGuess-dofhjvdgiyaqetedgsrvlylfuexi/Build/Intermediates.noindex/CharadesTiltGuess.build/Debug-iphonesimulator/CharadesTiltGuess.build/CharadesTiltGuess-generated-files.hmap -Xcc -I/Users/hyder/Library/Developer/Xcode/DerivedData/CharadesTiltGuess-dofhjvdgiyaqetedgsrvlylfuexi/Build/Intermediates.noindex/CharadesTiltGuess.build/Debug-iphonesimulator/CharadesTiltGuess.build/CharadesTiltGuess-own-target-headers.hmap -Xcc -I/Users/hyder/Library/Developer/Xcode/DerivedData/CharadesTiltGuess-dofhjvdgiyaqetedgsrvlylfuexi/Build/Intermediates.noindex/CharadesTiltGuess.build/Debug-iphonesimulator/CharadesTiltGuess.build/CharadesTiltGuess-all-target-headers.hmap -Xcc -iquote -Xcc /Users/hyder/Library/Developer/Xcode/DerivedData/CharadesTiltGuess-dofhjvdgiyaqetedgsrvlylfuexi/Build/Intermediates.noindex/CharadesTiltGuess.build/Debug-iphonesimulator/CharadesTiltGuess.build/CharadesTiltGuess-project-headers.hmap -Xcc -I/Users/hyder/Library/Developer/Xcode/DerivedData/CharadesTiltGuess-dofhjvdgiyaqetedgsrvlylfuexi/Build/Products/Debug-iphonesimulator/include -Xcc -I/Users/hyder/Library/Developer/Xcode/DerivedData/CharadesTiltGuess-dofhjvdgiyaqetedgsrvlylfuexi/Build/Intermediates.noindex/CharadesTiltGuess.build/Debug-iphonesimulator/CharadesTiltGuess.build/DerivedSources-normal/x86_64 -Xcc -I/Users/hyder/Library/Developer/Xcode/DerivedData/CharadesTiltGuess-dofhjvdgiyaqetedgsrvlylfuexi/Build/Intermediates.noindex/CharadesTiltGuess.build/Debug-iphonesimulator/CharadesTiltGuess.build/DerivedSources/x86_64 -Xcc -I/Users/hyder/Library/Developer/Xcode/DerivedData/CharadesTiltGuess-dofhjvdgiyaqetedgsrvlylfuexi/Build/Intermediates.noindex/CharadesTiltGuess.build/Debug-iphonesimulator/CharadesTiltGuess.build/DerivedSources -Xcc -DDEBUG\=1 -emit-objc-header -emit-objc-header-path /Users/hyder/Library/Developer/Xcode/DerivedData/CharadesTiltGuess-dofhjvdgiyaqetedgsrvlylfuexi/Build/Intermediates.noindex/CharadesTiltGuess.build/Debug-iphonesimulator/CharadesTiltGuess.build/Objects-normal/x86_64/CharadesTiltGuess-Swift.h -working-directory /Users/hyder/Documents/Projects/Charades -experimental-emit-module-separately -disable-cmo

SwiftDriver CharadesTiltGuess normal arm64 com.apple.xcode.tools.swift.compiler (in target 'CharadesTiltGuess' from project 'CharadesTiltGuess')
    cd /Users/hyder/Documents/Projects/Charades
    builtin-SwiftDriver -- /Applications/Xcode.app/Contents/Developer/Toolchains/XcodeDefault.xctoolchain/usr/bin/swiftc -module-name CharadesTiltGuess -Onone @/Users/hyder/Library/Developer/Xcode/DerivedData/CharadesTiltGuess-dofhjvdgiyaqetedgsrvlylfuexi/Build/Intermediates.noindex/CharadesTiltGuess.build/Debug-iphonesimulator/CharadesTiltGuess.build/Objects-normal/arm64/CharadesTiltGuess.SwiftFileList -DDEBUG -enable-bare-slash-regex -enable-experimental-feature DebugDescriptionMacro -sdk /Applications/Xcode.app/Contents/Developer/Platforms/iPhoneSimulator.platform/Developer/SDKs/iPhoneSimulator26.5.sdk -target arm64-apple-ios17.0-simulator -g -module-cache-path /Users/hyder/Library/Developer/Xcode/DerivedData/ModuleCache.noindex -Xfrontend -serialize-debugging-options -enable-testing -index-store-path /Users/hyder/Library/Developer/Xcode/DerivedData/CharadesTiltGuess-dofhjvdgiyaqetedgsrvlylfuexi/Index.noindex/DataStore -Xcc -D_LIBCPP_HARDENING_MODE\=_LIBCPP_HARDENING_MODE_DEBUG -swift-version 5 -I /Users/hyder/Library/Developer/Xcode/DerivedData/CharadesTiltGuess-dofhjvdgiyaqetedgsrvlylfuexi/Build/Products/Debug-iphonesimulator -F /Users/hyder/Library/Developer/Xcode/DerivedData/CharadesTiltGuess-dofhjvdgiyaqetedgsrvlylfuexi/Build/Products/Debug-iphonesimulator -emit-localized-strings -emit-localized-strings-path /Users/hyder/Library/Developer/Xcode/DerivedData/CharadesTiltGuess-dofhjvdgiyaqetedgsrvlylfuexi/Build/Intermediates.noindex/CharadesTiltGuess.build/Debug-iphonesimulator/CharadesTiltGuess.build/Objects-normal/arm64 -c -j8 -enable-batch-mode -incremental -Xcc -ivfsstatcache -Xcc /Users/hyder/Library/Developer/Xcode/DerivedData/SDKStatCaches.noindex/iphonesimulator26.5-23F73-6cfe768891a92b912361537c460fe42b.sdkstatcache -output-file-map /Users/hyder/Library/Developer/Xcode/DerivedData/CharadesTiltGuess-dofhjvdgiyaqetedgsrvlylfuexi/Build/Intermediates.noindex/CharadesTiltGuess.build/Debug-iphonesimulator/CharadesTiltGuess.build/Objects-normal/arm64/CharadesTiltGuess-OutputFileMap.json -use-frontend-parseable-output -save-temps -no-color-diagnostics -explicit-module-build -module-cache-path /Users/hyder/Library/Developer/Xcode/DerivedData/CharadesTiltGuess-dofhjvdgiyaqetedgsrvlylfuexi/Build/Intermediates.noindex/SwiftExplicitPrecompiledModules -clang-scanner-module-cache-path /Users/hyder/Library/Developer/Xcode/DerivedData/ModuleCache.noindex -sdk-module-cache-path /Users/hyder/Library/Developer/Xcode/DerivedData/ModuleCache.noindex -serialize-diagnostics -emit-dependencies -emit-module -emit-module-path /Users/hyder/Library/Developer/Xcode/DerivedData/CharadesTiltGuess-dofhjvdgiyaqetedgsrvlylfuexi/Build/Intermediates.noindex/CharadesTiltGuess.build/Debug-iphonesimulator/CharadesTiltGuess.build/Objects-normal/arm64/CharadesTiltGuess.swiftmodule -validate-clang-modules-once -clang-build-session-file /Users/hyder/Library/Developer/Xcode/DerivedData/ModuleCache.noindex/Session.modulevalidation -Xcc -I/Users/hyder/Library/Developer/Xcode/DerivedData/CharadesTiltGuess-dofhjvdgiyaqetedgsrvlylfuexi/Build/Intermediates.noindex/CharadesTiltGuess.build/Debug-iphonesimulator/CharadesTiltGuess.build/swift-overrides.hmap -emit-const-values -Xfrontend -const-gather-protocols-file -Xfrontend /Users/hyder/Library/Developer/Xcode/DerivedData/CharadesTiltGuess-dofhjvdgiyaqetedgsrvlylfuexi/Build/Intermediates.noindex/CharadesTiltGuess.build/Debug-iphonesimulator/CharadesTiltGuess.build/Objects-normal/arm64/CharadesTiltGuess_const_extract_protocols.json -Xcc -iquote -Xcc /Users/hyder/Library/Developer/Xcode/DerivedData/CharadesTiltGuess-dofhjvdgiyaqetedgsrvlylfuexi/Build/Intermediates.noindex/CharadesTiltGuess.build/Debug-iphonesimulator/CharadesTiltGuess.build/CharadesTiltGuess-generated-files.hmap -Xcc -I/Users/hyder/Library/Developer/Xcode/DerivedData/CharadesTiltGuess-dofhjvdgiyaqetedgsrvlylfuexi/Build/Intermediates.noindex/CharadesTiltGuess.build/Debug-iphonesimulator/CharadesTiltGuess.build/CharadesTiltGuess-own-target-headers.hmap -Xcc -I/Users/hyder/Library/Developer/Xcode/DerivedData/CharadesTiltGuess-dofhjvdgiyaqetedgsrvlylfuexi/Build/Intermediates.noindex/CharadesTiltGuess.build/Debug-iphonesimulator/CharadesTiltGuess.build/CharadesTiltGuess-all-target-headers.hmap -Xcc -iquote -Xcc /Users/hyder/Library/Developer/Xcode/DerivedData/CharadesTiltGuess-dofhjvdgiyaqetedgsrvlylfuexi/Build/Intermediates.noindex/CharadesTiltGuess.build/Debug-iphonesimulator/CharadesTiltGuess.build/CharadesTiltGuess-project-headers.hmap -Xcc -I/Users/hyder/Library/Developer/Xcode/DerivedData/CharadesTiltGuess-dofhjvdgiyaqetedgsrvlylfuexi/Build/Products/Debug-iphonesimulator/include -Xcc -I/Users/hyder/Library/Developer/Xcode/DerivedData/CharadesTiltGuess-dofhjvdgiyaqetedgsrvlylfuexi/Build/Intermediates.noindex/CharadesTiltGuess.build/Debug-iphonesimulator/CharadesTiltGuess.build/DerivedSources-normal/arm64 -Xcc -I/Users/hyder/Library/Developer/Xcode/DerivedData/CharadesTiltGuess-dofhjvdgiyaqetedgsrvlylfuexi/Build/Intermediates.noindex/CharadesTiltGuess.build/Debug-iphonesimulator/CharadesTiltGuess.build/DerivedSources/arm64 -Xcc -I/Users/hyder/Library/Developer/Xcode/DerivedData/CharadesTiltGuess-dofhjvdgiyaqetedgsrvlylfuexi/Build/Intermediates.noindex/CharadesTiltGuess.build/Debug-iphonesimulator/CharadesTiltGuess.build/DerivedSources -Xcc -DDEBUG\=1 -emit-objc-header -emit-objc-header-path /Users/hyder/Library/Developer/Xcode/DerivedData/CharadesTiltGuess-dofhjvdgiyaqetedgsrvlylfuexi/Build/Intermediates.noindex/CharadesTiltGuess.build/Debug-iphonesimulator/CharadesTiltGuess.build/Objects-normal/arm64/CharadesTiltGuess-Swift.h -working-directory /Users/hyder/Documents/Projects/Charades -experimental-emit-module-separately -disable-cmo

SwiftEmitModule normal arm64 Emitting\ module\ for\ CharadesTiltGuess (in target 'CharadesTiltGuess' from project 'CharadesTiltGuess')

EmitSwiftModule normal arm64 (in target 'CharadesTiltGuess' from project 'CharadesTiltGuess')
    cd /Users/hyder/Documents/Projects/Charades
    

SwiftCompile normal arm64 Compiling\ GameSession.swift,\ RoundResult.swift,\ TiltSensitivity.swift,\ GameSettings.swift,\ DefaultDeckLoader.swift,\ DeckStore.swift,\ GameEngine.swift /Users/hyder/Documents/Projects/Charades/CharadesTiltGuess/Models/GameSession.swift /Users/hyder/Documents/Projects/Charades/CharadesTiltGuess/Models/RoundResult.swift /Users/hyder/Documents/Projects/Charades/CharadesTiltGuess/Models/TiltSensitivity.swift /Users/hyder/Documents/Projects/Charades/CharadesTiltGuess/Models/GameSettings.swift /Users/hyder/Documents/Projects/Charades/CharadesTiltGuess/Services/DefaultDeckLoader.swift /Users/hyder/Documents/Projects/Charades/CharadesTiltGuess/Services/DeckStore.swift /Users/hyder/Documents/Projects/Charades/CharadesTiltGuess/Services/GameEngine.swift (in target 'CharadesTiltGuess' from project 'CharadesTiltGuess')

SwiftCompile normal arm64 /Users/hyder/Documents/Projects/Charades/CharadesTiltGuess/Models/GameSession.swift (in target 'CharadesTiltGuess' from project 'CharadesTiltGuess')
    cd /Users/hyder/Documents/Projects/Charades
    

SwiftCompile normal arm64 /Users/hyder/Documents/Projects/Charades/CharadesTiltGuess/Models/RoundResult.swift (in target 'CharadesTiltGuess' from project 'CharadesTiltGuess')
    cd /Users/hyder/Documents/Projects/Charades
    

SwiftCompile normal arm64 /Users/hyder/Documents/Projects/Charades/CharadesTiltGuess/Models/TiltSensitivity.swift (in target 'CharadesTiltGuess' from project 'CharadesTiltGuess')
    cd /Users/hyder/Documents/Projects/Charades
    

SwiftCompile normal arm64 /Users/hyder/Documents/Projects/Charades/CharadesTiltGuess/Models/GameSettings.swift (in target 'CharadesTiltGuess' from project 'CharadesTiltGuess')
    cd /Users/hyder/Documents/Projects/Charades
    

SwiftCompile normal arm64 /Users/hyder/Documents/Projects/Charades/CharadesTiltGuess/Services/DefaultDeckLoader.swift (in target 'CharadesTiltGuess' from project 'CharadesTiltGuess')
    cd /Users/hyder/Documents/Projects/Charades
    

SwiftCompile normal arm64 /Users/hyder/Documents/Projects/Charades/CharadesTiltGuess/Services/DeckStore.swift (in target 'CharadesTiltGuess' from project 'CharadesTiltGuess')
    cd /Users/hyder/Documents/Projects/Charades
    

SwiftCompile normal arm64 /Users/hyder/Documents/Projects/Charades/CharadesTiltGuess/Services/GameEngine.swift (in target 'CharadesTiltGuess' from project 'CharadesTiltGuess')
    cd /Users/hyder/Documents/Projects/Charades
    

SwiftCompile normal arm64 Compiling\ DeckEditorView.swift,\ AppTheme.swift,\ DoodleBackground.swift,\ DoodlePanel.swift,\ DoodleButtons.swift,\ DeckCardView.swift,\ Deck.swift /Users/hyder/Documents/Projects/Charades/CharadesTiltGuess/Views/DeckEditor/DeckEditorView.swift /Users/hyder/Documents/Projects/Charades/CharadesTiltGuess/Utilities/AppTheme.swift /Users/hyder/Documents/Projects/Charades/CharadesTiltGuess/Views/Shared/DoodleBackground.swift /Users/hyder/Documents/Projects/Charades/CharadesTiltGuess/Views/Shared/DoodlePanel.swift /Users/hyder/Documents/Projects/Charades/CharadesTiltGuess/Views/Shared/DoodleButtons.swift /Users/hyder/Documents/Projects/Charades/CharadesTiltGuess/Views/Home/DeckCardView.swift /Users/hyder/Documents/Projects/Charades/CharadesTiltGuess/Models/Deck.swift (in target 'CharadesTiltGuess' from project 'CharadesTiltGuess')

SwiftCompile normal arm64 /Users/hyder/Documents/Projects/Charades/CharadesTiltGuess/Views/DeckEditor/DeckEditorView.swift (in target 'CharadesTiltGuess' from project 'CharadesTiltGuess')
    cd /Users/hyder/Documents/Projects/Charades
    

SwiftCompile normal arm64 /Users/hyder/Documents/Projects/Charades/CharadesTiltGuess/Utilities/AppTheme.swift (in target 'CharadesTiltGuess' from project 'CharadesTiltGuess')
    cd /Users/hyder/Documents/Projects/Charades
    

SwiftCompile normal arm64 /Users/hyder/Documents/Projects/Charades/CharadesTiltGuess/Views/Shared/DoodleBackground.swift (in target 'CharadesTiltGuess' from project 'CharadesTiltGuess')
    cd /Users/hyder/Documents/Projects/Charades
    

SwiftCompile normal arm64 /Users/hyder/Documents/Projects/Charades/CharadesTiltGuess/Views/Shared/DoodlePanel.swift (in target 'CharadesTiltGuess' from project 'CharadesTiltGuess')
    cd /Users/hyder/Documents/Projects/Charades
    

SwiftCompile normal arm64 /Users/hyder/Documents/Projects/Charades/CharadesTiltGuess/Views/Shared/DoodleButtons.swift (in target 'CharadesTiltGuess' from project 'CharadesTiltGuess')
    cd /Users/hyder/Documents/Projects/Charades
    

SwiftCompile normal arm64 /Users/hyder/Documents/Projects/Charades/CharadesTiltGuess/Views/Home/DeckCardView.swift (in target 'CharadesTiltGuess' from project 'CharadesTiltGuess')
    cd /Users/hyder/Documents/Projects/Charades
    

SwiftCompile normal arm64 /Users/hyder/Documents/Projects/Charades/CharadesTiltGuess/Models/Deck.swift (in target 'CharadesTiltGuess' from project 'CharadesTiltGuess')
    cd /Users/hyder/Documents/Projects/Charades
    

SwiftCompile normal arm64 Compiling\ CharadesTiltGuessApp.swift,\ AppMetadata.swift,\ HomeView.swift,\ AppRouter.swift,\ GameView.swift,\ ResultsView.swift,\ SettingsView.swift /Users/hyder/Documents/Projects/Charades/CharadesTiltGuess/App/CharadesTiltGuessApp.swift /Users/hyder/Documents/Projects/Charades/CharadesTiltGuess/Models/AppMetadata.swift /Users/hyder/Documents/Projects/Charades/CharadesTiltGuess/Views/Home/HomeView.swift /Users/hyder/Documents/Projects/Charades/CharadesTiltGuess/App/AppRouter.swift /Users/hyder/Documents/Projects/Charades/CharadesTiltGuess/Views/Game/GameView.swift /Users/hyder/Documents/Projects/Charades/CharadesTiltGuess/Views/Results/ResultsView.swift /Users/hyder/Documents/Projects/Charades/CharadesTiltGuess/Views/Settings/SettingsView.swift (in target 'CharadesTiltGuess' from project 'CharadesTiltGuess')

SwiftCompile normal arm64 /Users/hyder/Documents/Projects/Charades/CharadesTiltGuess/App/CharadesTiltGuessApp.swift (in target 'CharadesTiltGuess' from project 'CharadesTiltGuess')
    cd /Users/hyder/Documents/Projects/Charades
    

SwiftCompile normal arm64 /Users/hyder/Documents/Projects/Charades/CharadesTiltGuess/Models/AppMetadata.swift (in target 'CharadesTiltGuess' from project 'CharadesTiltGuess')
    cd /Users/hyder/Documents/Projects/Charades
    

SwiftCompile normal arm64 /Users/hyder/Documents/Projects/Charades/CharadesTiltGuess/Views/Home/HomeView.swift (in target 'CharadesTiltGuess' from project 'CharadesTiltGuess')
    cd /Users/hyder/Documents/Projects/Charades
    

SwiftCompile normal arm64 /Users/hyder/Documents/Projects/Charades/CharadesTiltGuess/App/AppRouter.swift (in target 'CharadesTiltGuess' from project 'CharadesTiltGuess')
    cd /Users/hyder/Documents/Projects/Charades
    

SwiftCompile normal arm64 /Users/hyder/Documents/Projects/Charades/CharadesTiltGuess/Views/Game/GameView.swift (in target 'CharadesTiltGuess' from project 'CharadesTiltGuess')
    cd /Users/hyder/Documents/Projects/Charades
    

SwiftCompile normal arm64 /Users/hyder/Documents/Projects/Charades/CharadesTiltGuess/Views/Results/ResultsView.swift (in target 'CharadesTiltGuess' from project 'CharadesTiltGuess')
    cd /Users/hyder/Documents/Projects/Charades
    

SwiftCompile normal arm64 /Users/hyder/Documents/Projects/Charades/CharadesTiltGuess/Views/Settings/SettingsView.swift (in target 'CharadesTiltGuess' from project 'CharadesTiltGuess')
    cd /Users/hyder/Documents/Projects/Charades
    

SwiftCompile normal arm64 Compiling\ TeamMatchSelectionView.swift,\ TeamMatchLobbyView.swift,\ TeamMatchResultsView.swift,\ BuyMeACoffeeView.swift,\ StoreKitManager.swift,\ GeneratedAssetSymbols.swift /Users/hyder/Documents/Projects/Charades/CharadesTiltGuess/Views/Home/TeamMatchSelectionView.swift /Users/hyder/Documents/Projects/Charades/CharadesTiltGuess/Views/Game/TeamMatchLobbyView.swift /Users/hyder/Documents/Projects/Charades/CharadesTiltGuess/Views/Game/TeamMatchResultsView.swift /Users/hyder/Documents/Projects/Charades/CharadesTiltGuess/Views/Home/BuyMeACoffeeView.swift /Users/hyder/Documents/Projects/Charades/CharadesTiltGuess/Services/StoreKitManager.swift /Users/hyder/Library/Developer/Xcode/DerivedData/CharadesTiltGuess-dofhjvdgiyaqetedgsrvlylfuexi/Build/Intermediates.noindex/CharadesTiltGuess.build/Debug-iphonesimulator/CharadesTiltGuess.build/DerivedSources/GeneratedAssetSymbols.swift (in target 'CharadesTiltGuess' from project 'CharadesTiltGuess')

SwiftCompile normal arm64 /Users/hyder/Documents/Projects/Charades/CharadesTiltGuess/Views/Home/TeamMatchSelectionView.swift (in target 'CharadesTiltGuess' from project 'CharadesTiltGuess')
    cd /Users/hyder/Documents/Projects/Charades
    

SwiftCompile normal arm64 /Users/hyder/Documents/Projects/Charades/CharadesTiltGuess/Views/Game/TeamMatchLobbyView.swift (in target 'CharadesTiltGuess' from project 'CharadesTiltGuess')
    cd /Users/hyder/Documents/Projects/Charades
    

SwiftCompile normal arm64 /Users/hyder/Documents/Projects/Charades/CharadesTiltGuess/Views/Game/TeamMatchResultsView.swift (in target 'CharadesTiltGuess' from project 'CharadesTiltGuess')
    cd /Users/hyder/Documents/Projects/Charades
    

SwiftCompile normal arm64 /Users/hyder/Documents/Projects/Charades/CharadesTiltGuess/Views/Home/BuyMeACoffeeView.swift (in target 'CharadesTiltGuess' from project 'CharadesTiltGuess')
    cd /Users/hyder/Documents/Projects/Charades
    

SwiftCompile normal arm64 /Users/hyder/Documents/Projects/Charades/CharadesTiltGuess/Services/StoreKitManager.swift (in target 'CharadesTiltGuess' from project 'CharadesTiltGuess')
    cd /Users/hyder/Documents/Projects/Charades
    

SwiftCompile normal arm64 /Users/hyder/Library/Developer/Xcode/DerivedData/CharadesTiltGuess-dofhjvdgiyaqetedgsrvlylfuexi/Build/Intermediates.noindex/CharadesTiltGuess.build/Debug-iphonesimulator/CharadesTiltGuess.build/DerivedSources/GeneratedAssetSymbols.swift (in target 'CharadesTiltGuess' from project 'CharadesTiltGuess')
    cd /Users/hyder/Documents/Projects/Charades
    

SwiftCompile normal arm64 Compiling\ CardRotationStore.swift,\ SettingsStore.swift,\ HapticsManager.swift,\ SoundService.swift,\ MotionManager.swift,\ WikipediaService.swift,\ CustomDeckStore.swift /Users/hyder/Documents/Projects/Charades/CharadesTiltGuess/Services/CardRotationStore.swift /Users/hyder/Documents/Projects/Charades/CharadesTiltGuess/Services/SettingsStore.swift /Users/hyder/Documents/Projects/Charades/CharadesTiltGuess/Services/HapticsManager.swift /Users/hyder/Documents/Projects/Charades/CharadesTiltGuess/Services/SoundService.swift /Users/hyder/Documents/Projects/Charades/CharadesTiltGuess/Services/MotionManager.swift /Users/hyder/Documents/Projects/Charades/CharadesTiltGuess/Services/WikipediaService.swift /Users/hyder/Documents/Projects/Charades/CharadesTiltGuess/Services/CustomDeckStore.swift (in target 'CharadesTiltGuess' from project 'CharadesTiltGuess')

SwiftCompile normal arm64 /Users/hyder/Documents/Projects/Charades/CharadesTiltGuess/Services/CardRotationStore.swift (in target 'CharadesTiltGuess' from project 'CharadesTiltGuess')
    cd /Users/hyder/Documents/Projects/Charades
    

SwiftCompile normal arm64 /Users/hyder/Documents/Projects/Charades/CharadesTiltGuess/Services/SettingsStore.swift (in target 'CharadesTiltGuess' from project 'CharadesTiltGuess')
    cd /Users/hyder/Documents/Projects/Charades
    

SwiftCompile normal arm64 /Users/hyder/Documents/Projects/Charades/CharadesTiltGuess/Services/HapticsManager.swift (in target 'CharadesTiltGuess' from project 'CharadesTiltGuess')
    cd /Users/hyder/Documents/Projects/Charades
    

SwiftCompile normal arm64 /Users/hyder/Documents/Projects/Charades/CharadesTiltGuess/Services/SoundService.swift (in target 'CharadesTiltGuess' from project 'CharadesTiltGuess')
    cd /Users/hyder/Documents/Projects/Charades
    

SwiftCompile normal arm64 /Users/hyder/Documents/Projects/Charades/CharadesTiltGuess/Services/MotionManager.swift (in target 'CharadesTiltGuess' from project 'CharadesTiltGuess')
    cd /Users/hyder/Documents/Projects/Charades
    

SwiftCompile normal arm64 /Users/hyder/Documents/Projects/Charades/CharadesTiltGuess/Services/WikipediaService.swift (in target 'CharadesTiltGuess' from project 'CharadesTiltGuess')
    cd /Users/hyder/Documents/Projects/Charades
    

SwiftCompile normal arm64 /Users/hyder/Documents/Projects/Charades/CharadesTiltGuess/Services/CustomDeckStore.swift (in target 'CharadesTiltGuess' from project 'CharadesTiltGuess')
    cd /Users/hyder/Documents/Projects/Charades
    

SwiftCompile normal arm64 Compiling\ HomeViewModel.swift,\ DeckEditorViewModel.swift,\ CustomDeckDetailViewModel.swift,\ GameViewModel.swift,\ SettingsViewModel.swift,\ ClipboardImportService.swift,\ DeckGridView.swift /Users/hyder/Documents/Projects/Charades/CharadesTiltGuess/ViewModels/HomeViewModel.swift /Users/hyder/Documents/Projects/Charades/CharadesTiltGuess/ViewModels/DeckEditorViewModel.swift /Users/hyder/Documents/Projects/Charades/CharadesTiltGuess/ViewModels/CustomDeckDetailViewModel.swift /Users/hyder/Documents/Projects/Charades/CharadesTiltGuess/ViewModels/GameViewModel.swift /Users/hyder/Documents/Projects/Charades/CharadesTiltGuess/ViewModels/SettingsViewModel.swift /Users/hyder/Documents/Projects/Charades/CharadesTiltGuess/Services/ClipboardImportService.swift /Users/hyder/Documents/Projects/Charades/CharadesTiltGuess/Views/Home/DeckGridView.swift (in target 'CharadesTiltGuess' from project 'CharadesTiltGuess')

SwiftCompile normal arm64 /Users/hyder/Documents/Projects/Charades/CharadesTiltGuess/ViewModels/HomeViewModel.swift (in target 'CharadesTiltGuess' from project 'CharadesTiltGuess')
    cd /Users/hyder/Documents/Projects/Charades
    

SwiftCompile normal arm64 /Users/hyder/Documents/Projects/Charades/CharadesTiltGuess/ViewModels/DeckEditorViewModel.swift (in target 'CharadesTiltGuess' from project 'CharadesTiltGuess')
    cd /Users/hyder/Documents/Projects/Charades
    

SwiftCompile normal arm64 /Users/hyder/Documents/Projects/Charades/CharadesTiltGuess/ViewModels/CustomDeckDetailViewModel.swift (in target 'CharadesTiltGuess' from project 'CharadesTiltGuess')
    cd /Users/hyder/Documents/Projects/Charades
    

SwiftCompile normal arm64 /Users/hyder/Documents/Projects/Charades/CharadesTiltGuess/ViewModels/GameViewModel.swift (in target 'CharadesTiltGuess' from project 'CharadesTiltGuess')
    cd /Users/hyder/Documents/Projects/Charades
    

SwiftCompile normal arm64 /Users/hyder/Documents/Projects/Charades/CharadesTiltGuess/ViewModels/SettingsViewModel.swift (in target 'CharadesTiltGuess' from project 'CharadesTiltGuess')
    cd /Users/hyder/Documents/Projects/Charades
    

SwiftCompile normal arm64 /Users/hyder/Documents/Projects/Charades/CharadesTiltGuess/Services/ClipboardImportService.swift (in target 'CharadesTiltGuess' from project 'CharadesTiltGuess')
    cd /Users/hyder/Documents/Projects/Charades
    

SwiftCompile normal arm64 /Users/hyder/Documents/Projects/Charades/CharadesTiltGuess/Views/Home/DeckGridView.swift (in target 'CharadesTiltGuess' from project 'CharadesTiltGuess')
    cd /Users/hyder/Documents/Projects/Charades
    

SwiftEmitModule normal x86_64 Emitting\ module\ for\ CharadesTiltGuess (in target 'CharadesTiltGuess' from project 'CharadesTiltGuess')

EmitSwiftModule normal x86_64 (in target 'CharadesTiltGuess' from project 'CharadesTiltGuess')
    cd /Users/hyder/Documents/Projects/Charades
    

SwiftDriverJobDiscovery normal arm64 Emitting module for CharadesTiltGuess (in target 'CharadesTiltGuess' from project 'CharadesTiltGuess')

SwiftDriver\ Compilation\ Requirements CharadesTiltGuess normal arm64 com.apple.xcode.tools.swift.compiler (in target 'CharadesTiltGuess' from project 'CharadesTiltGuess')
    cd /Users/hyder/Documents/Projects/Charades
    builtin-Swift-Compilation-Requirements -- /Applications/Xcode.app/Contents/Developer/Toolchains/XcodeDefault.xctoolchain/usr/bin/swiftc -module-name CharadesTiltGuess -Onone @/Users/hyder/Library/Developer/Xcode/DerivedData/CharadesTiltGuess-dofhjvdgiyaqetedgsrvlylfuexi/Build/Intermediates.noindex/CharadesTiltGuess.build/Debug-iphonesimulator/CharadesTiltGuess.build/Objects-normal/arm64/CharadesTiltGuess.SwiftFileList -DDEBUG -enable-bare-slash-regex -enable-experimental-feature DebugDescriptionMacro -sdk /Applications/Xcode.app/Contents/Developer/Platforms/iPhoneSimulator.platform/Developer/SDKs/iPhoneSimulator26.5.sdk -target arm64-apple-ios17.0-simulator -g -module-cache-path /Users/hyder/Library/Developer/Xcode/DerivedData/ModuleCache.noindex -Xfrontend -serialize-debugging-options -enable-testing -index-store-path /Users/hyder/Library/Developer/Xcode/DerivedData/CharadesTiltGuess-dofhjvdgiyaqetedgsrvlylfuexi/Index.noindex/DataStore -Xcc -D_LIBCPP_HARDENING_MODE\=_LIBCPP_HARDENING_MODE_DEBUG -swift-version 5 -I /Users/hyder/Library/Developer/Xcode/DerivedData/CharadesTiltGuess-dofhjvdgiyaqetedgsrvlylfuexi/Build/Products/Debug-iphonesimulator -F /Users/hyder/Library/Developer/Xcode/DerivedData/CharadesTiltGuess-dofhjvdgiyaqetedgsrvlylfuexi/Build/Products/Debug-iphonesimulator -emit-localized-strings -emit-localized-strings-path /Users/hyder/Library/Developer/Xcode/DerivedData/CharadesTiltGuess-dofhjvdgiyaqetedgsrvlylfuexi/Build/Intermediates.noindex/CharadesTiltGuess.build/Debug-iphonesimulator/CharadesTiltGuess.build/Objects-normal/arm64 -c -j8 -enable-batch-mode -incremental -Xcc -ivfsstatcache -Xcc /Users/hyder/Library/Developer/Xcode/DerivedData/SDKStatCaches.noindex/iphonesimulator26.5-23F73-6cfe768891a92b912361537c460fe42b.sdkstatcache -output-file-map /Users/hyder/Library/Developer/Xcode/DerivedData/CharadesTiltGuess-dofhjvdgiyaqetedgsrvlylfuexi/Build/Intermediates.noindex/CharadesTiltGuess.build/Debug-iphonesimulator/CharadesTiltGuess.build/Objects-normal/arm64/CharadesTiltGuess-OutputFileMap.json -use-frontend-parseable-output -save-temps -no-color-diagnostics -explicit-module-build -module-cache-path /Users/hyder/Library/Developer/Xcode/DerivedData/CharadesTiltGuess-dofhjvdgiyaqetedgsrvlylfuexi/Build/Intermediates.noindex/SwiftExplicitPrecompiledModules -clang-scanner-module-cache-path /Users/hyder/Library/Developer/Xcode/DerivedData/ModuleCache.noindex -sdk-module-cache-path /Users/hyder/Library/Developer/Xcode/DerivedData/ModuleCache.noindex -serialize-diagnostics -emit-dependencies -emit-module -emit-module-path /Users/hyder/Library/Developer/Xcode/DerivedData/CharadesTiltGuess-dofhjvdgiyaqetedgsrvlylfuexi/Build/Intermediates.noindex/CharadesTiltGuess.build/Debug-iphonesimulator/CharadesTiltGuess.build/Objects-normal/arm64/CharadesTiltGuess.swiftmodule -validate-clang-modules-once -clang-build-session-file /Users/hyder/Library/Developer/Xcode/DerivedData/ModuleCache.noindex/Session.modulevalidation -Xcc -I/Users/hyder/Library/Developer/Xcode/DerivedData/CharadesTiltGuess-dofhjvdgiyaqetedgsrvlylfuexi/Build/Intermediates.noindex/CharadesTiltGuess.build/Debug-iphonesimulator/CharadesTiltGuess.build/swift-overrides.hmap -emit-const-values -Xfrontend -const-gather-protocols-file -Xfrontend /Users/hyder/Library/Developer/Xcode/DerivedData/CharadesTiltGuess-dofhjvdgiyaqetedgsrvlylfuexi/Build/Intermediates.noindex/CharadesTiltGuess.build/Debug-iphonesimulator/CharadesTiltGuess.build/Objects-normal/arm64/CharadesTiltGuess_const_extract_protocols.json -Xcc -iquote -Xcc /Users/hyder/Library/Developer/Xcode/DerivedData/CharadesTiltGuess-dofhjvdgiyaqetedgsrvlylfuexi/Build/Intermediates.noindex/CharadesTiltGuess.build/Debug-iphonesimulator/CharadesTiltGuess.build/CharadesTiltGuess-generated-files.hmap -Xcc -I/Users/hyder/Library/Developer/Xcode/DerivedData/CharadesTiltGuess-dofhjvdgiyaqetedgsrvlylfuexi/Build/Intermediates.noindex/CharadesTiltGuess.build/Debug-iphonesimulator/CharadesTiltGuess.build/CharadesTiltGuess-own-target-headers.hmap -Xcc -I/Users/hyder/Library/Developer/Xcode/DerivedData/CharadesTiltGuess-dofhjvdgiyaqetedgsrvlylfuexi/Build/Intermediates.noindex/CharadesTiltGuess.build/Debug-iphonesimulator/CharadesTiltGuess.build/CharadesTiltGuess-all-target-headers.hmap -Xcc -iquote -Xcc /Users/hyder/Library/Developer/Xcode/DerivedData/CharadesTiltGuess-dofhjvdgiyaqetedgsrvlylfuexi/Build/Intermediates.noindex/CharadesTiltGuess.build/Debug-iphonesimulator/CharadesTiltGuess.build/CharadesTiltGuess-project-headers.hmap -Xcc -I/Users/hyder/Library/Developer/Xcode/DerivedData/CharadesTiltGuess-dofhjvdgiyaqetedgsrvlylfuexi/Build/Products/Debug-iphonesimulator/include -Xcc -I/Users/hyder/Library/Developer/Xcode/DerivedData/CharadesTiltGuess-dofhjvdgiyaqetedgsrvlylfuexi/Build/Intermediates.noindex/CharadesTiltGuess.build/Debug-iphonesimulator/CharadesTiltGuess.build/DerivedSources-normal/arm64 -Xcc -I/Users/hyder/Library/Developer/Xcode/DerivedData/CharadesTiltGuess-dofhjvdgiyaqetedgsrvlylfuexi/Build/Intermediates.noindex/CharadesTiltGuess.build/Debug-iphonesimulator/CharadesTiltGuess.build/DerivedSources/arm64 -Xcc -I/Users/hyder/Library/Developer/Xcode/DerivedData/CharadesTiltGuess-dofhjvdgiyaqetedgsrvlylfuexi/Build/Intermediates.noindex/CharadesTiltGuess.build/Debug-iphonesimulator/CharadesTiltGuess.build/DerivedSources -Xcc -DDEBUG\=1 -emit-objc-header -emit-objc-header-path /Users/hyder/Library/Developer/Xcode/DerivedData/CharadesTiltGuess-dofhjvdgiyaqetedgsrvlylfuexi/Build/Intermediates.noindex/CharadesTiltGuess.build/Debug-iphonesimulator/CharadesTiltGuess.build/Objects-normal/arm64/CharadesTiltGuess-Swift.h -working-directory /Users/hyder/Documents/Projects/Charades -experimental-emit-module-separately -disable-cmo

SwiftDriverJobDiscovery normal arm64 Compiling GameSession.swift, RoundResult.swift, TiltSensitivity.swift, GameSettings.swift, DefaultDeckLoader.swift, DeckStore.swift, GameEngine.swift (in target 'CharadesTiltGuess' from project 'CharadesTiltGuess')

SwiftCompile normal x86_64 Compiling\ TeamMatchResultsView.swift,\ BuyMeACoffeeView.swift,\ StoreKitManager.swift,\ GeneratedAssetSymbols.swift /Users/hyder/Documents/Projects/Charades/CharadesTiltGuess/Views/Game/TeamMatchResultsView.swift /Users/hyder/Documents/Projects/Charades/CharadesTiltGuess/Views/Home/BuyMeACoffeeView.swift /Users/hyder/Documents/Projects/Charades/CharadesTiltGuess/Services/StoreKitManager.swift /Users/hyder/Library/Developer/Xcode/DerivedData/CharadesTiltGuess-dofhjvdgiyaqetedgsrvlylfuexi/Build/Intermediates.noindex/CharadesTiltGuess.build/Debug-iphonesimulator/CharadesTiltGuess.build/DerivedSources/GeneratedAssetSymbols.swift (in target 'CharadesTiltGuess' from project 'CharadesTiltGuess')

SwiftCompile normal x86_64 /Users/hyder/Documents/Projects/Charades/CharadesTiltGuess/Views/Game/TeamMatchResultsView.swift (in target 'CharadesTiltGuess' from project 'CharadesTiltGuess')
    cd /Users/hyder/Documents/Projects/Charades
    

SwiftCompile normal x86_64 /Users/hyder/Documents/Projects/Charades/CharadesTiltGuess/Views/Home/BuyMeACoffeeView.swift (in target 'CharadesTiltGuess' from project 'CharadesTiltGuess')
    cd /Users/hyder/Documents/Projects/Charades
    

SwiftCompile normal x86_64 /Users/hyder/Documents/Projects/Charades/CharadesTiltGuess/Services/StoreKitManager.swift (in target 'CharadesTiltGuess' from project 'CharadesTiltGuess')
    cd /Users/hyder/Documents/Projects/Charades
    

SwiftCompile normal x86_64 /Users/hyder/Library/Developer/Xcode/DerivedData/CharadesTiltGuess-dofhjvdgiyaqetedgsrvlylfuexi/Build/Intermediates.noindex/CharadesTiltGuess.build/Debug-iphonesimulator/CharadesTiltGuess.build/DerivedSources/GeneratedAssetSymbols.swift (in target 'CharadesTiltGuess' from project 'CharadesTiltGuess')
    cd /Users/hyder/Documents/Projects/Charades
    

Copy /Users/hyder/Library/Developer/Xcode/DerivedData/CharadesTiltGuess-dofhjvdgiyaqetedgsrvlylfuexi/Build/Products/Debug-iphonesimulator/CharadesTiltGuess.swiftmodule/arm64-apple-ios-simulator.swiftmodule /Users/hyder/Library/Developer/Xcode/DerivedData/CharadesTiltGuess-dofhjvdgiyaqetedgsrvlylfuexi/Build/Intermediates.noindex/CharadesTiltGuess.build/Debug-iphonesimulator/CharadesTiltGuess.build/Objects-normal/arm64/CharadesTiltGuess.swiftmodule (in target 'CharadesTiltGuess' from project 'CharadesTiltGuess')
    cd /Users/hyder/Documents/Projects/Charades
    builtin-copy -exclude .DS_Store -exclude CVS -exclude .svn -exclude .git -exclude .hg -resolve-src-symlinks -rename /Users/hyder/Library/Developer/Xcode/DerivedData/CharadesTiltGuess-dofhjvdgiyaqetedgsrvlylfuexi/Build/Intermediates.noindex/CharadesTiltGuess.build/Debug-iphonesimulator/CharadesTiltGuess.build/Objects-normal/arm64/CharadesTiltGuess.swiftmodule /Users/hyder/Library/Developer/Xcode/DerivedData/CharadesTiltGuess-dofhjvdgiyaqetedgsrvlylfuexi/Build/Products/Debug-iphonesimulator/CharadesTiltGuess.swiftmodule/arm64-apple-ios-simulator.swiftmodule

SwiftDriverJobDiscovery normal x86_64 Emitting module for CharadesTiltGuess (in target 'CharadesTiltGuess' from project 'CharadesTiltGuess')

SwiftDriver\ Compilation\ Requirements CharadesTiltGuess normal x86_64 com.apple.xcode.tools.swift.compiler (in target 'CharadesTiltGuess' from project 'CharadesTiltGuess')
    cd /Users/hyder/Documents/Projects/Charades
    builtin-Swift-Compilation-Requirements -- /Applications/Xcode.app/Contents/Developer/Toolchains/XcodeDefault.xctoolchain/usr/bin/swiftc -module-name CharadesTiltGuess -Onone @/Users/hyder/Library/Developer/Xcode/DerivedData/CharadesTiltGuess-dofhjvdgiyaqetedgsrvlylfuexi/Build/Intermediates.noindex/CharadesTiltGuess.build/Debug-iphonesimulator/CharadesTiltGuess.build/Objects-normal/x86_64/CharadesTiltGuess.SwiftFileList -DDEBUG -enable-bare-slash-regex -enable-experimental-feature DebugDescriptionMacro -sdk /Applications/Xcode.app/Contents/Developer/Platforms/iPhoneSimulator.platform/Developer/SDKs/iPhoneSimulator26.5.sdk -target x86_64-apple-ios17.0-simulator -g -module-cache-path /Users/hyder/Library/Developer/Xcode/DerivedData/ModuleCache.noindex -Xfrontend -serialize-debugging-options -enable-testing -index-store-path /Users/hyder/Library/Developer/Xcode/DerivedData/CharadesTiltGuess-dofhjvdgiyaqetedgsrvlylfuexi/Index.noindex/DataStore -Xcc -D_LIBCPP_HARDENING_MODE\=_LIBCPP_HARDENING_MODE_DEBUG -swift-version 5 -I /Users/hyder/Library/Developer/Xcode/DerivedData/CharadesTiltGuess-dofhjvdgiyaqetedgsrvlylfuexi/Build/Products/Debug-iphonesimulator -F /Users/hyder/Library/Developer/Xcode/DerivedData/CharadesTiltGuess-dofhjvdgiyaqetedgsrvlylfuexi/Build/Products/Debug-iphonesimulator -emit-localized-strings -emit-localized-strings-path /Users/hyder/Library/Developer/Xcode/DerivedData/CharadesTiltGuess-dofhjvdgiyaqetedgsrvlylfuexi/Build/Intermediates.noindex/CharadesTiltGuess.build/Debug-iphonesimulator/CharadesTiltGuess.build/Objects-normal/x86_64 -c -j8 -enable-batch-mode -incremental -Xcc -ivfsstatcache -Xcc /Users/hyder/Library/Developer/Xcode/DerivedData/SDKStatCaches.noindex/iphonesimulator26.5-23F73-6cfe768891a92b912361537c460fe42b.sdkstatcache -output-file-map /Users/hyder/Library/Developer/Xcode/DerivedData/CharadesTiltGuess-dofhjvdgiyaqetedgsrvlylfuexi/Build/Intermediates.noindex/CharadesTiltGuess.build/Debug-iphonesimulator/CharadesTiltGuess.build/Objects-normal/x86_64/CharadesTiltGuess-OutputFileMap.json -use-frontend-parseable-output -save-temps -no-color-diagnostics -explicit-module-build -module-cache-path /Users/hyder/Library/Developer/Xcode/DerivedData/CharadesTiltGuess-dofhjvdgiyaqetedgsrvlylfuexi/Build/Intermediates.noindex/SwiftExplicitPrecompiledModules -clang-scanner-module-cache-path /Users/hyder/Library/Developer/Xcode/DerivedData/ModuleCache.noindex -sdk-module-cache-path /Users/hyder/Library/Developer/Xcode/DerivedData/ModuleCache.noindex -serialize-diagnostics -emit-dependencies -emit-module -emit-module-path /Users/hyder/Library/Developer/Xcode/DerivedData/CharadesTiltGuess-dofhjvdgiyaqetedgsrvlylfuexi/Build/Intermediates.noindex/CharadesTiltGuess.build/Debug-iphonesimulator/CharadesTiltGuess.build/Objects-normal/x86_64/CharadesTiltGuess.swiftmodule -validate-clang-modules-once -clang-build-session-file /Users/hyder/Library/Developer/Xcode/DerivedData/ModuleCache.noindex/Session.modulevalidation -Xcc -I/Users/hyder/Library/Developer/Xcode/DerivedData/CharadesTiltGuess-dofhjvdgiyaqetedgsrvlylfuexi/Build/Intermediates.noindex/CharadesTiltGuess.build/Debug-iphonesimulator/CharadesTiltGuess.build/swift-overrides.hmap -emit-const-values -Xfrontend -const-gather-protocols-file -Xfrontend /Users/hyder/Library/Developer/Xcode/DerivedData/CharadesTiltGuess-dofhjvdgiyaqetedgsrvlylfuexi/Build/Intermediates.noindex/CharadesTiltGuess.build/Debug-iphonesimulator/CharadesTiltGuess.build/Objects-normal/x86_64/CharadesTiltGuess_const_extract_protocols.json -Xcc -iquote -Xcc /Users/hyder/Library/Developer/Xcode/DerivedData/CharadesTiltGuess-dofhjvdgiyaqetedgsrvlylfuexi/Build/Intermediates.noindex/CharadesTiltGuess.build/Debug-iphonesimulator/CharadesTiltGuess.build/CharadesTiltGuess-generated-files.hmap -Xcc -I/Users/hyder/Library/Developer/Xcode/DerivedData/CharadesTiltGuess-dofhjvdgiyaqetedgsrvlylfuexi/Build/Intermediates.noindex/CharadesTiltGuess.build/Debug-iphonesimulator/CharadesTiltGuess.build/CharadesTiltGuess-own-target-headers.hmap -Xcc -I/Users/hyder/Library/Developer/Xcode/DerivedData/CharadesTiltGuess-dofhjvdgiyaqetedgsrvlylfuexi/Build/Intermediates.noindex/CharadesTiltGuess.build/Debug-iphonesimulator/CharadesTiltGuess.build/CharadesTiltGuess-all-target-headers.hmap -Xcc -iquote -Xcc /Users/hyder/Library/Developer/Xcode/DerivedData/CharadesTiltGuess-dofhjvdgiyaqetedgsrvlylfuexi/Build/Intermediates.noindex/CharadesTiltGuess.build/Debug-iphonesimulator/CharadesTiltGuess.build/CharadesTiltGuess-project-headers.hmap -Xcc -I/Users/hyder/Library/Developer/Xcode/DerivedData/CharadesTiltGuess-dofhjvdgiyaqetedgsrvlylfuexi/Build/Products/Debug-iphonesimulator/include -Xcc -I/Users/hyder/Library/Developer/Xcode/DerivedData/CharadesTiltGuess-dofhjvdgiyaqetedgsrvlylfuexi/Build/Intermediates.noindex/CharadesTiltGuess.build/Debug-iphonesimulator/CharadesTiltGuess.build/DerivedSources-normal/x86_64 -Xcc -I/Users/hyder/Library/Developer/Xcode/DerivedData/CharadesTiltGuess-dofhjvdgiyaqetedgsrvlylfuexi/Build/Intermediates.noindex/CharadesTiltGuess.build/Debug-iphonesimulator/CharadesTiltGuess.build/DerivedSources/x86_64 -Xcc -I/Users/hyder/Library/Developer/Xcode/DerivedData/CharadesTiltGuess-dofhjvdgiyaqetedgsrvlylfuexi/Build/Intermediates.noindex/CharadesTiltGuess.build/Debug-iphonesimulator/CharadesTiltGuess.build/DerivedSources -Xcc -DDEBUG\=1 -emit-objc-header -emit-objc-header-path /Users/hyder/Library/Developer/Xcode/DerivedData/CharadesTiltGuess-dofhjvdgiyaqetedgsrvlylfuexi/Build/Intermediates.noindex/CharadesTiltGuess.build/Debug-iphonesimulator/CharadesTiltGuess.build/Objects-normal/x86_64/CharadesTiltGuess-Swift.h -working-directory /Users/hyder/Documents/Projects/Charades -experimental-emit-module-separately -disable-cmo

Copy /Users/hyder/Library/Developer/Xcode/DerivedData/CharadesTiltGuess-dofhjvdgiyaqetedgsrvlylfuexi/Build/Products/Debug-iphonesimulator/CharadesTiltGuess.swiftmodule/arm64-apple-ios-simulator.swiftdoc /Users/hyder/Library/Developer/Xcode/DerivedData/CharadesTiltGuess-dofhjvdgiyaqetedgsrvlylfuexi/Build/Intermediates.noindex/CharadesTiltGuess.build/Debug-iphonesimulator/CharadesTiltGuess.build/Objects-normal/arm64/CharadesTiltGuess.swiftdoc (in target 'CharadesTiltGuess' from project 'CharadesTiltGuess')
    cd /Users/hyder/Documents/Projects/Charades
    builtin-copy -exclude .DS_Store -exclude CVS -exclude .svn -exclude .git -exclude .hg -resolve-src-symlinks -rename /Users/hyder/Library/Developer/Xcode/DerivedData/CharadesTiltGuess-dofhjvdgiyaqetedgsrvlylfuexi/Build/Intermediates.noindex/CharadesTiltGuess.build/Debug-iphonesimulator/CharadesTiltGuess.build/Objects-normal/arm64/CharadesTiltGuess.swiftdoc /Users/hyder/Library/Developer/Xcode/DerivedData/CharadesTiltGuess-dofhjvdgiyaqetedgsrvlylfuexi/Build/Products/Debug-iphonesimulator/CharadesTiltGuess.swiftmodule/arm64-apple-ios-simulator.swiftdoc

Copy /Users/hyder/Library/Developer/Xcode/DerivedData/CharadesTiltGuess-dofhjvdgiyaqetedgsrvlylfuexi/Build/Products/Debug-iphonesimulator/CharadesTiltGuess.swiftmodule/x86_64-apple-ios-simulator.swiftmodule /Users/hyder/Library/Developer/Xcode/DerivedData/CharadesTiltGuess-dofhjvdgiyaqetedgsrvlylfuexi/Build/Intermediates.noindex/CharadesTiltGuess.build/Debug-iphonesimulator/CharadesTiltGuess.build/Objects-normal/x86_64/CharadesTiltGuess.swiftmodule (in target 'CharadesTiltGuess' from project 'CharadesTiltGuess')
    cd /Users/hyder/Documents/Projects/Charades
    builtin-copy -exclude .DS_Store -exclude CVS -exclude .svn -exclude .git -exclude .hg -resolve-src-symlinks -rename /Users/hyder/Library/Developer/Xcode/DerivedData/CharadesTiltGuess-dofhjvdgiyaqetedgsrvlylfuexi/Build/Intermediates.noindex/CharadesTiltGuess.build/Debug-iphonesimulator/CharadesTiltGuess.build/Objects-normal/x86_64/CharadesTiltGuess.swiftmodule /Users/hyder/Library/Developer/Xcode/DerivedData/CharadesTiltGuess-dofhjvdgiyaqetedgsrvlylfuexi/Build/Products/Debug-iphonesimulator/CharadesTiltGuess.swiftmodule/x86_64-apple-ios-simulator.swiftmodule

Copy /Users/hyder/Library/Developer/Xcode/DerivedData/CharadesTiltGuess-dofhjvdgiyaqetedgsrvlylfuexi/Build/Products/Debug-iphonesimulator/CharadesTiltGuess.swiftmodule/x86_64-apple-ios-simulator.swiftdoc /Users/hyder/Library/Developer/Xcode/DerivedData/CharadesTiltGuess-dofhjvdgiyaqetedgsrvlylfuexi/Build/Intermediates.noindex/CharadesTiltGuess.build/Debug-iphonesimulator/CharadesTiltGuess.build/Objects-normal/x86_64/CharadesTiltGuess.swiftdoc (in target 'CharadesTiltGuess' from project 'CharadesTiltGuess')
    cd /Users/hyder/Documents/Projects/Charades
    builtin-copy -exclude .DS_Store -exclude CVS -exclude .svn -exclude .git -exclude .hg -resolve-src-symlinks -rename /Users/hyder/Library/Developer/Xcode/DerivedData/CharadesTiltGuess-dofhjvdgiyaqetedgsrvlylfuexi/Build/Intermediates.noindex/CharadesTiltGuess.build/Debug-iphonesimulator/CharadesTiltGuess.build/Objects-normal/x86_64/CharadesTiltGuess.swiftdoc /Users/hyder/Library/Developer/Xcode/DerivedData/CharadesTiltGuess-dofhjvdgiyaqetedgsrvlylfuexi/Build/Products/Debug-iphonesimulator/CharadesTiltGuess.swiftmodule/x86_64-apple-ios-simulator.swiftdoc

Copy /Users/hyder/Library/Developer/Xcode/DerivedData/CharadesTiltGuess-dofhjvdgiyaqetedgsrvlylfuexi/Build/Products/Debug-iphonesimulator/CharadesTiltGuess.swiftmodule/x86_64-apple-ios-simulator.abi.json /Users/hyder/Library/Developer/Xcode/DerivedData/CharadesTiltGuess-dofhjvdgiyaqetedgsrvlylfuexi/Build/Intermediates.noindex/CharadesTiltGuess.build/Debug-iphonesimulator/CharadesTiltGuess.build/Objects-normal/x86_64/CharadesTiltGuess.abi.json (in target 'CharadesTiltGuess' from project 'CharadesTiltGuess')
    cd /Users/hyder/Documents/Projects/Charades
    builtin-copy -exclude .DS_Store -exclude CVS -exclude .svn -exclude .git -exclude .hg -resolve-src-symlinks -rename /Users/hyder/Library/Developer/Xcode/DerivedData/CharadesTiltGuess-dofhjvdgiyaqetedgsrvlylfuexi/Build/Intermediates.noindex/CharadesTiltGuess.build/Debug-iphonesimulator/CharadesTiltGuess.build/Objects-normal/x86_64/CharadesTiltGuess.abi.json /Users/hyder/Library/Developer/Xcode/DerivedData/CharadesTiltGuess-dofhjvdgiyaqetedgsrvlylfuexi/Build/Products/Debug-iphonesimulator/CharadesTiltGuess.swiftmodule/x86_64-apple-ios-simulator.abi.json

Copy /Users/hyder/Library/Developer/Xcode/DerivedData/CharadesTiltGuess-dofhjvdgiyaqetedgsrvlylfuexi/Build/Products/Debug-iphonesimulator/CharadesTiltGuess.swiftmodule/arm64-apple-ios-simulator.abi.json /Users/hyder/Library/Developer/Xcode/DerivedData/CharadesTiltGuess-dofhjvdgiyaqetedgsrvlylfuexi/Build/Intermediates.noindex/CharadesTiltGuess.build/Debug-iphonesimulator/CharadesTiltGuess.build/Objects-normal/arm64/CharadesTiltGuess.abi.json (in target 'CharadesTiltGuess' from project 'CharadesTiltGuess')
    cd /Users/hyder/Documents/Projects/Charades
    builtin-copy -exclude .DS_Store -exclude CVS -exclude .svn -exclude .git -exclude .hg -resolve-src-symlinks -rename /Users/hyder/Library/Developer/Xcode/DerivedData/CharadesTiltGuess-dofhjvdgiyaqetedgsrvlylfuexi/Build/Intermediates.noindex/CharadesTiltGuess.build/Debug-iphonesimulator/CharadesTiltGuess.build/Objects-normal/arm64/CharadesTiltGuess.abi.json /Users/hyder/Library/Developer/Xcode/DerivedData/CharadesTiltGuess-dofhjvdgiyaqetedgsrvlylfuexi/Build/Products/Debug-iphonesimulator/CharadesTiltGuess.swiftmodule/arm64-apple-ios-simulator.abi.json

Copy /Users/hyder/Library/Developer/Xcode/DerivedData/CharadesTiltGuess-dofhjvdgiyaqetedgsrvlylfuexi/Build/Products/Debug-iphonesimulator/CharadesTiltGuess.swiftmodule/Project/x86_64-apple-ios-simulator.swiftsourceinfo /Users/hyder/Library/Developer/Xcode/DerivedData/CharadesTiltGuess-dofhjvdgiyaqetedgsrvlylfuexi/Build/Intermediates.noindex/CharadesTiltGuess.build/Debug-iphonesimulator/CharadesTiltGuess.build/Objects-normal/x86_64/CharadesTiltGuess.swiftsourceinfo (in target 'CharadesTiltGuess' from project 'CharadesTiltGuess')
    cd /Users/hyder/Documents/Projects/Charades
    builtin-copy -exclude .DS_Store -exclude CVS -exclude .svn -exclude .git -exclude .hg -resolve-src-symlinks -rename /Users/hyder/Library/Developer/Xcode/DerivedData/CharadesTiltGuess-dofhjvdgiyaqetedgsrvlylfuexi/Build/Intermediates.noindex/CharadesTiltGuess.build/Debug-iphonesimulator/CharadesTiltGuess.build/Objects-normal/x86_64/CharadesTiltGuess.swiftsourceinfo /Users/hyder/Library/Developer/Xcode/DerivedData/CharadesTiltGuess-dofhjvdgiyaqetedgsrvlylfuexi/Build/Products/Debug-iphonesimulator/CharadesTiltGuess.swiftmodule/Project/x86_64-apple-ios-simulator.swiftsourceinfo

Copy /Users/hyder/Library/Developer/Xcode/DerivedData/CharadesTiltGuess-dofhjvdgiyaqetedgsrvlylfuexi/Build/Products/Debug-iphonesimulator/CharadesTiltGuess.swiftmodule/Project/arm64-apple-ios-simulator.swiftsourceinfo /Users/hyder/Library/Developer/Xcode/DerivedData/CharadesTiltGuess-dofhjvdgiyaqetedgsrvlylfuexi/Build/Intermediates.noindex/CharadesTiltGuess.build/Debug-iphonesimulator/CharadesTiltGuess.build/Objects-normal/arm64/CharadesTiltGuess.swiftsourceinfo (in target 'CharadesTiltGuess' from project 'CharadesTiltGuess')
    cd /Users/hyder/Documents/Projects/Charades
    builtin-copy -exclude .DS_Store -exclude CVS -exclude .svn -exclude .git -exclude .hg -resolve-src-symlinks -rename /Users/hyder/Library/Developer/Xcode/DerivedData/CharadesTiltGuess-dofhjvdgiyaqetedgsrvlylfuexi/Build/Intermediates.noindex/CharadesTiltGuess.build/Debug-iphonesimulator/CharadesTiltGuess.build/Objects-normal/arm64/CharadesTiltGuess.swiftsourceinfo /Users/hyder/Library/Developer/Xcode/DerivedData/CharadesTiltGuess-dofhjvdgiyaqetedgsrvlylfuexi/Build/Products/Debug-iphonesimulator/CharadesTiltGuess.swiftmodule/Project/arm64-apple-ios-simulator.swiftsourceinfo

SwiftCompile normal x86_64 Compiling\ ModeInstructionsView.swift,\ ModeDeckSelectionView.swift,\ PasteAndPlayView.swift,\ WikipediaModeView.swift /Users/hyder/Documents/Projects/Charades/CharadesTiltGuess/Views/Game/ModeInstructionsView.swift /Users/hyder/Documents/Projects/Charades/CharadesTiltGuess/Views/Home/ModeDeckSelectionView.swift /Users/hyder/Documents/Projects/Charades/CharadesTiltGuess/Views/Home/PasteAndPlayView.swift /Users/hyder/Documents/Projects/Charades/CharadesTiltGuess/Views/Home/WikipediaModeView.swift (in target 'CharadesTiltGuess' from project 'CharadesTiltGuess')

SwiftCompile normal x86_64 /Users/hyder/Documents/Projects/Charades/CharadesTiltGuess/Views/Game/ModeInstructionsView.swift (in target 'CharadesTiltGuess' from project 'CharadesTiltGuess')
    cd /Users/hyder/Documents/Projects/Charades
    

SwiftCompile normal x86_64 /Users/hyder/Documents/Projects/Charades/CharadesTiltGuess/Views/Home/ModeDeckSelectionView.swift (in target 'CharadesTiltGuess' from project 'CharadesTiltGuess')
    cd /Users/hyder/Documents/Projects/Charades
    

SwiftCompile normal x86_64 /Users/hyder/Documents/Projects/Charades/CharadesTiltGuess/Views/Home/PasteAndPlayView.swift (in target 'CharadesTiltGuess' from project 'CharadesTiltGuess')
    cd /Users/hyder/Documents/Projects/Charades
    

SwiftCompile normal x86_64 /Users/hyder/Documents/Projects/Charades/CharadesTiltGuess/Views/Home/WikipediaModeView.swift (in target 'CharadesTiltGuess' from project 'CharadesTiltGuess')
    cd /Users/hyder/Documents/Projects/Charades
    

SwiftDriverJobDiscovery normal arm64 Compiling HomeViewModel.swift, DeckEditorViewModel.swift, CustomDeckDetailViewModel.swift, GameViewModel.swift, SettingsViewModel.swift, ClipboardImportService.swift, DeckGridView.swift (in target 'CharadesTiltGuess' from project 'CharadesTiltGuess')

SwiftCompile normal x86_64 Compiling\ OnboardingView.swift,\ TeamMatchState.swift,\ TeamMatchSelectionView.swift,\ TeamMatchLobbyView.swift /Users/hyder/Documents/Projects/Charades/CharadesTiltGuess/Views/Onboarding/OnboardingView.swift /Users/hyder/Documents/Projects/Charades/CharadesTiltGuess/Models/TeamMatchState.swift /Users/hyder/Documents/Projects/Charades/CharadesTiltGuess/Views/Home/TeamMatchSelectionView.swift /Users/hyder/Documents/Projects/Charades/CharadesTiltGuess/Views/Game/TeamMatchLobbyView.swift (in target 'CharadesTiltGuess' from project 'CharadesTiltGuess')
SwiftCompile normal x86_64 /Users/hyder/Documents/Projects/Charades/CharadesTiltGuess/Views/Onboarding/OnboardingView.swift (in target 'CharadesTiltGuess' from project 'CharadesTiltGuess')
    cd /Users/hyder/Documents/Projects/Charades
    

SwiftCompile normal x86_64 /Users/hyder/Documents/Projects/Charades/CharadesTiltGuess/Models/TeamMatchState.swift (in target 'CharadesTiltGuess' from project 'CharadesTiltGuess')
    cd /Users/hyder/Documents/Projects/Charades
    

SwiftCompile normal x86_64 /Users/hyder/Documents/Projects/Charades/CharadesTiltGuess/Views/Home/TeamMatchSelectionView.swift (in target 'CharadesTiltGuess' from project 'CharadesTiltGuess')
    cd /Users/hyder/Documents/Projects/Charades
    

SwiftCompile normal x86_64 /Users/hyder/Documents/Projects/Charades/CharadesTiltGuess/Views/Game/TeamMatchLobbyView.swift (in target 'CharadesTiltGuess' from project 'CharadesTiltGuess')
    cd /Users/hyder/Documents/Projects/Charades
    

SwiftCompile normal x86_64 Compiling\ MotionManager.swift,\ WikipediaService.swift,\ CustomDeckStore.swift,\ CustomDeckDetailView.swift /Users/hyder/Documents/Projects/Charades/CharadesTiltGuess/Services/MotionManager.swift /Users/hyder/Documents/Projects/Charades/CharadesTiltGuess/Services/WikipediaService.swift /Users/hyder/Documents/Projects/Charades/CharadesTiltGuess/Services/CustomDeckStore.swift /Users/hyder/Documents/Projects/Charades/CharadesTiltGuess/Views/DeckDetail/CustomDeckDetailView.swift (in target 'CharadesTiltGuess' from project 'CharadesTiltGuess')
SwiftCompile normal x86_64 /Users/hyder/Documents/Projects/Charades/CharadesTiltGuess/Services/MotionManager.swift (in target 'CharadesTiltGuess' from project 'CharadesTiltGuess')
    cd /Users/hyder/Documents/Projects/Charades
    

SwiftCompile normal x86_64 /Users/hyder/Documents/Projects/Charades/CharadesTiltGuess/Services/WikipediaService.swift (in target 'CharadesTiltGuess' from project 'CharadesTiltGuess')
    cd /Users/hyder/Documents/Projects/Charades
    

SwiftCompile normal x86_64 /Users/hyder/Documents/Projects/Charades/CharadesTiltGuess/Services/CustomDeckStore.swift (in target 'CharadesTiltGuess' from project 'CharadesTiltGuess')
    cd /Users/hyder/Documents/Projects/Charades
    

SwiftCompile normal x86_64 /Users/hyder/Documents/Projects/Charades/CharadesTiltGuess/Views/DeckDetail/CustomDeckDetailView.swift (in target 'CharadesTiltGuess' from project 'CharadesTiltGuess')
    cd /Users/hyder/Documents/Projects/Charades
    

SwiftDriverJobDiscovery normal arm64 Compiling DeckEditorView.swift, AppTheme.swift, DoodleBackground.swift, DoodlePanel.swift, DoodleButtons.swift, DeckCardView.swift, Deck.swift (in target 'CharadesTiltGuess' from project 'CharadesTiltGuess')

SwiftCompile normal x86_64 Compiling\ CharadesTiltGuessApp.swift,\ AppMetadata.swift,\ HomeView.swift,\ AppRouter.swift,\ GameView.swift /Users/hyder/Documents/Projects/Charades/CharadesTiltGuess/App/CharadesTiltGuessApp.swift /Users/hyder/Documents/Projects/Charades/CharadesTiltGuess/Models/AppMetadata.swift /Users/hyder/Documents/Projects/Charades/CharadesTiltGuess/Views/Home/HomeView.swift /Users/hyder/Documents/Projects/Charades/CharadesTiltGuess/App/AppRouter.swift /Users/hyder/Documents/Projects/Charades/CharadesTiltGuess/Views/Game/GameView.swift (in target 'CharadesTiltGuess' from project 'CharadesTiltGuess')

SwiftCompile normal x86_64 /Users/hyder/Documents/Projects/Charades/CharadesTiltGuess/App/CharadesTiltGuessApp.swift (in target 'CharadesTiltGuess' from project 'CharadesTiltGuess')
    cd /Users/hyder/Documents/Projects/Charades
    

SwiftCompile normal x86_64 /Users/hyder/Documents/Projects/Charades/CharadesTiltGuess/Models/AppMetadata.swift (in target 'CharadesTiltGuess' from project 'CharadesTiltGuess')
    cd /Users/hyder/Documents/Projects/Charades
    

SwiftCompile normal x86_64 /Users/hyder/Documents/Projects/Charades/CharadesTiltGuess/Views/Home/HomeView.swift (in target 'CharadesTiltGuess' from project 'CharadesTiltGuess')
    cd /Users/hyder/Documents/Projects/Charades
    

SwiftCompile normal x86_64 /Users/hyder/Documents/Projects/Charades/CharadesTiltGuess/App/AppRouter.swift (in target 'CharadesTiltGuess' from project 'CharadesTiltGuess')
    cd /Users/hyder/Documents/Projects/Charades
    

SwiftCompile normal x86_64 /Users/hyder/Documents/Projects/Charades/CharadesTiltGuess/Views/Game/GameView.swift (in target 'CharadesTiltGuess' from project 'CharadesTiltGuess')
    cd /Users/hyder/Documents/Projects/Charades
    

SwiftDriverJobDiscovery normal arm64 Compiling TeamMatchSelectionView.swift, TeamMatchLobbyView.swift, TeamMatchResultsView.swift, BuyMeACoffeeView.swift, StoreKitManager.swift, GeneratedAssetSymbols.swift (in target 'CharadesTiltGuess' from project 'CharadesTiltGuess')

SwiftCompile normal x86_64 Compiling\ CardRotationStore.swift,\ SettingsStore.swift,\ HapticsManager.swift,\ SoundService.swift /Users/hyder/Documents/Projects/Charades/CharadesTiltGuess/Services/CardRotationStore.swift /Users/hyder/Documents/Projects/Charades/CharadesTiltGuess/Services/SettingsStore.swift /Users/hyder/Documents/Projects/Charades/CharadesTiltGuess/Services/HapticsManager.swift /Users/hyder/Documents/Projects/Charades/CharadesTiltGuess/Services/SoundService.swift (in target 'CharadesTiltGuess' from project 'CharadesTiltGuess')

SwiftCompile normal x86_64 /Users/hyder/Documents/Projects/Charades/CharadesTiltGuess/Services/CardRotationStore.swift (in target 'CharadesTiltGuess' from project 'CharadesTiltGuess')
    cd /Users/hyder/Documents/Projects/Charades
    

SwiftCompile normal x86_64 /Users/hyder/Documents/Projects/Charades/CharadesTiltGuess/Services/SettingsStore.swift (in target 'CharadesTiltGuess' from project 'CharadesTiltGuess')
    cd /Users/hyder/Documents/Projects/Charades
    

SwiftCompile normal x86_64 /Users/hyder/Documents/Projects/Charades/CharadesTiltGuess/Services/HapticsManager.swift (in target 'CharadesTiltGuess' from project 'CharadesTiltGuess')
    cd /Users/hyder/Documents/Projects/Charades
    

SwiftCompile normal x86_64 /Users/hyder/Documents/Projects/Charades/CharadesTiltGuess/Services/SoundService.swift (in target 'CharadesTiltGuess' from project 'CharadesTiltGuess')
    cd /Users/hyder/Documents/Projects/Charades
    

SwiftDriverJobDiscovery normal arm64 Compiling CardRotationStore.swift, SettingsStore.swift, HapticsManager.swift, SoundService.swift, MotionManager.swift, WikipediaService.swift, CustomDeckStore.swift (in target 'CharadesTiltGuess' from project 'CharadesTiltGuess')

SwiftCompile normal x86_64 Compiling\ GameSettings.swift,\ DefaultDeckLoader.swift,\ DeckStore.swift,\ GameEngine.swift /Users/hyder/Documents/Projects/Charades/CharadesTiltGuess/Models/GameSettings.swift /Users/hyder/Documents/Projects/Charades/CharadesTiltGuess/Services/DefaultDeckLoader.swift /Users/hyder/Documents/Projects/Charades/CharadesTiltGuess/Services/DeckStore.swift /Users/hyder/Documents/Projects/Charades/CharadesTiltGuess/Services/GameEngine.swift (in target 'CharadesTiltGuess' from project 'CharadesTiltGuess')

SwiftCompile normal x86_64 /Users/hyder/Documents/Projects/Charades/CharadesTiltGuess/Models/GameSettings.swift (in target 'CharadesTiltGuess' from project 'CharadesTiltGuess')
    cd /Users/hyder/Documents/Projects/Charades
    

SwiftCompile normal x86_64 /Users/hyder/Documents/Projects/Charades/CharadesTiltGuess/Services/DefaultDeckLoader.swift (in target 'CharadesTiltGuess' from project 'CharadesTiltGuess')
    cd /Users/hyder/Documents/Projects/Charades
    

SwiftCompile normal x86_64 /Users/hyder/Documents/Projects/Charades/CharadesTiltGuess/Services/DeckStore.swift (in target 'CharadesTiltGuess' from project 'CharadesTiltGuess')
    cd /Users/hyder/Documents/Projects/Charades
    

SwiftCompile normal x86_64 /Users/hyder/Documents/Projects/Charades/CharadesTiltGuess/Services/GameEngine.swift (in target 'CharadesTiltGuess' from project 'CharadesTiltGuess')
    cd /Users/hyder/Documents/Projects/Charades
    

SwiftDriverJobDiscovery normal x86_64 Compiling TeamMatchResultsView.swift, BuyMeACoffeeView.swift, StoreKitManager.swift, GeneratedAssetSymbols.swift (in target 'CharadesTiltGuess' from project 'CharadesTiltGuess')

SwiftCompile normal x86_64 Compiling\ DeckEditorView.swift /Users/hyder/Documents/Projects/Charades/CharadesTiltGuess/Views/DeckEditor/DeckEditorView.swift (in target 'CharadesTiltGuess' from project 'CharadesTiltGuess')

SwiftCompile normal x86_64 /Users/hyder/Documents/Projects/Charades/CharadesTiltGuess/Views/DeckEditor/DeckEditorView.swift (in target 'CharadesTiltGuess' from project 'CharadesTiltGuess')
    cd /Users/hyder/Documents/Projects/Charades
    

SwiftDriverJobDiscovery normal x86_64 Compiling CardRotationStore.swift, SettingsStore.swift, HapticsManager.swift, SoundService.swift (in target 'CharadesTiltGuess' from project 'CharadesTiltGuess')

SwiftCompile normal x86_64 Compiling\ DeckCardView.swift /Users/hyder/Documents/Projects/Charades/CharadesTiltGuess/Views/Home/DeckCardView.swift (in target 'CharadesTiltGuess' from project 'CharadesTiltGuess')

SwiftCompile normal x86_64 /Users/hyder/Documents/Projects/Charades/CharadesTiltGuess/Views/Home/DeckCardView.swift (in target 'CharadesTiltGuess' from project 'CharadesTiltGuess')
    cd /Users/hyder/Documents/Projects/Charades
    

SwiftDriverJobDiscovery normal arm64 Compiling CharadesTiltGuessApp.swift, AppMetadata.swift, HomeView.swift, AppRouter.swift, GameView.swift, ResultsView.swift, SettingsView.swift (in target 'CharadesTiltGuess' from project 'CharadesTiltGuess')

SwiftCompile normal x86_64 Compiling\ DoodlePanel.swift /Users/hyder/Documents/Projects/Charades/CharadesTiltGuess/Views/Shared/DoodlePanel.swift (in target 'CharadesTiltGuess' from project 'CharadesTiltGuess')

SwiftCompile normal x86_64 /Users/hyder/Documents/Projects/Charades/CharadesTiltGuess/Views/Shared/DoodlePanel.swift (in target 'CharadesTiltGuess' from project 'CharadesTiltGuess')
    cd /Users/hyder/Documents/Projects/Charades
    

SwiftDriverJobDiscovery normal x86_64 Compiling GameSettings.swift, DefaultDeckLoader.swift, DeckStore.swift, GameEngine.swift (in target 'CharadesTiltGuess' from project 'CharadesTiltGuess')

SwiftCompile normal x86_64 Compiling\ HomeViewModel.swift /Users/hyder/Documents/Projects/Charades/CharadesTiltGuess/ViewModels/HomeViewModel.swift (in target 'CharadesTiltGuess' from project 'CharadesTiltGuess')

SwiftCompile normal x86_64 /Users/hyder/Documents/Projects/Charades/CharadesTiltGuess/ViewModels/HomeViewModel.swift (in target 'CharadesTiltGuess' from project 'CharadesTiltGuess')
    cd /Users/hyder/Documents/Projects/Charades
    

SwiftDriverJobDiscovery normal x86_64 Compiling DeckCardView.swift (in target 'CharadesTiltGuess' from project 'CharadesTiltGuess')

SwiftCompile normal x86_64 Compiling\ DeckEditorViewModel.swift /Users/hyder/Documents/Projects/Charades/CharadesTiltGuess/ViewModels/DeckEditorViewModel.swift (in target 'CharadesTiltGuess' from project 'CharadesTiltGuess')

SwiftCompile normal x86_64 /Users/hyder/Documents/Projects/Charades/CharadesTiltGuess/ViewModels/DeckEditorViewModel.swift (in target 'CharadesTiltGuess' from project 'CharadesTiltGuess')
    cd /Users/hyder/Documents/Projects/Charades
    

SwiftDriverJobDiscovery normal x86_64 Compiling DoodlePanel.swift (in target 'CharadesTiltGuess' from project 'CharadesTiltGuess')

SwiftCompile normal x86_64 Compiling\ SettingsViewModel.swift /Users/hyder/Documents/Projects/Charades/CharadesTiltGuess/ViewModels/SettingsViewModel.swift (in target 'CharadesTiltGuess' from project 'CharadesTiltGuess')

SwiftCompile normal x86_64 /Users/hyder/Documents/Projects/Charades/CharadesTiltGuess/ViewModels/SettingsViewModel.swift (in target 'CharadesTiltGuess' from project 'CharadesTiltGuess')
    cd /Users/hyder/Documents/Projects/Charades
    

SwiftDriverJobDiscovery normal x86_64 Compiling HomeViewModel.swift (in target 'CharadesTiltGuess' from project 'CharadesTiltGuess')

SwiftCompile normal x86_64 Compiling\ DoodleButtons.swift /Users/hyder/Documents/Projects/Charades/CharadesTiltGuess/Views/Shared/DoodleButtons.swift (in target 'CharadesTiltGuess' from project 'CharadesTiltGuess')

SwiftCompile normal x86_64 /Users/hyder/Documents/Projects/Charades/CharadesTiltGuess/Views/Shared/DoodleButtons.swift (in target 'CharadesTiltGuess' from project 'CharadesTiltGuess')
    cd /Users/hyder/Documents/Projects/Charades
    

SwiftDriverJobDiscovery normal x86_64 Compiling DeckEditorViewModel.swift (in target 'CharadesTiltGuess' from project 'CharadesTiltGuess')

SwiftCompile normal x86_64 Compiling\ GameViewModel.swift /Users/hyder/Documents/Projects/Charades/CharadesTiltGuess/ViewModels/GameViewModel.swift (in target 'CharadesTiltGuess' from project 'CharadesTiltGuess')

SwiftCompile normal x86_64 /Users/hyder/Documents/Projects/Charades/CharadesTiltGuess/ViewModels/GameViewModel.swift (in target 'CharadesTiltGuess' from project 'CharadesTiltGuess')
    cd /Users/hyder/Documents/Projects/Charades
    

SwiftDriverJobDiscovery normal x86_64 Compiling DeckEditorView.swift (in target 'CharadesTiltGuess' from project 'CharadesTiltGuess')

SwiftCompile normal x86_64 Compiling\ DoodleBackground.swift /Users/hyder/Documents/Projects/Charades/CharadesTiltGuess/Views/Shared/DoodleBackground.swift (in target 'CharadesTiltGuess' from project 'CharadesTiltGuess')

SwiftCompile normal x86_64 /Users/hyder/Documents/Projects/Charades/CharadesTiltGuess/Views/Shared/DoodleBackground.swift (in target 'CharadesTiltGuess' from project 'CharadesTiltGuess')
    cd /Users/hyder/Documents/Projects/Charades
    

SwiftDriverJobDiscovery normal x86_64 Compiling SettingsViewModel.swift (in target 'CharadesTiltGuess' from project 'CharadesTiltGuess')

SwiftCompile normal x86_64 Compiling\ DeckGridView.swift /Users/hyder/Documents/Projects/Charades/CharadesTiltGuess/Views/Home/DeckGridView.swift (in target 'CharadesTiltGuess' from project 'CharadesTiltGuess')

SwiftCompile normal x86_64 /Users/hyder/Documents/Projects/Charades/CharadesTiltGuess/Views/Home/DeckGridView.swift (in target 'CharadesTiltGuess' from project 'CharadesTiltGuess')
    cd /Users/hyder/Documents/Projects/Charades
    

SwiftDriverJobDiscovery normal x86_64 Compiling ModeInstructionsView.swift, ModeDeckSelectionView.swift, PasteAndPlayView.swift, WikipediaModeView.swift (in target 'CharadesTiltGuess' from project 'CharadesTiltGuess')

SwiftCompile normal x86_64 Compiling\ CustomDeckDetailViewModel.swift /Users/hyder/Documents/Projects/Charades/CharadesTiltGuess/ViewModels/CustomDeckDetailViewModel.swift (in target 'CharadesTiltGuess' from project 'CharadesTiltGuess')

SwiftCompile normal x86_64 /Users/hyder/Documents/Projects/Charades/CharadesTiltGuess/ViewModels/CustomDeckDetailViewModel.swift (in target 'CharadesTiltGuess' from project 'CharadesTiltGuess')
    cd /Users/hyder/Documents/Projects/Charades
    

LinkAssetCatalog /Users/hyder/Documents/Projects/Charades/CharadesTiltGuess/Assets.xcassets (in target 'CharadesTiltGuess' from project 'CharadesTiltGuess')
    cd /Users/hyder/Documents/Projects/Charades
    builtin-linkAssetCatalog --thinned /Users/hyder/Library/Developer/Xcode/DerivedData/CharadesTiltGuess-dofhjvdgiyaqetedgsrvlylfuexi/Build/Intermediates.noindex/CharadesTiltGuess.build/Debug-iphonesimulator/CharadesTiltGuess.build/assetcatalog_output/thinned --thinned-dependencies /Users/hyder/Library/Developer/Xcode/DerivedData/CharadesTiltGuess-dofhjvdgiyaqetedgsrvlylfuexi/Build/Intermediates.noindex/CharadesTiltGuess.build/Debug-iphonesimulator/CharadesTiltGuess.build/assetcatalog_dependencies_thinned --thinned-info-plist-content /Users/hyder/Library/Developer/Xcode/DerivedData/CharadesTiltGuess-dofhjvdgiyaqetedgsrvlylfuexi/Build/Intermediates.noindex/CharadesTiltGuess.build/Debug-iphonesimulator/CharadesTiltGuess.build/assetcatalog_generated_info.plist_thinned --unthinned /Users/hyder/Library/Developer/Xcode/DerivedData/CharadesTiltGuess-dofhjvdgiyaqetedgsrvlylfuexi/Build/Intermediates.noindex/CharadesTiltGuess.build/Debug-iphonesimulator/CharadesTiltGuess.build/assetcatalog_output/unthinned --unthinned-dependencies /Users/hyder/Library/Developer/Xcode/DerivedData/CharadesTiltGuess-dofhjvdgiyaqetedgsrvlylfuexi/Build/Intermediates.noindex/CharadesTiltGuess.build/Debug-iphonesimulator/CharadesTiltGuess.build/assetcatalog_dependencies_unthinned --unthinned-info-plist-content /Users/hyder/Library/Developer/Xcode/DerivedData/CharadesTiltGuess-dofhjvdgiyaqetedgsrvlylfuexi/Build/Intermediates.noindex/CharadesTiltGuess.build/Debug-iphonesimulator/CharadesTiltGuess.build/assetcatalog_generated_info.plist_unthinned --output /Users/hyder/Library/Developer/Xcode/DerivedData/CharadesTiltGuess-dofhjvdgiyaqetedgsrvlylfuexi/Build/Products/Debug-iphonesimulator/CharadesTiltGuess.app --plist-output /Users/hyder/Library/Developer/Xcode/DerivedData/CharadesTiltGuess-dofhjvdgiyaqetedgsrvlylfuexi/Build/Intermediates.noindex/CharadesTiltGuess.build/Debug-iphonesimulator/CharadesTiltGuess.build/assetcatalog_generated_info.plist
note: Emplaced /Users/hyder/Library/Developer/Xcode/DerivedData/CharadesTiltGuess-dofhjvdgiyaqetedgsrvlylfuexi/Build/Products/Debug-iphonesimulator/CharadesTiltGuess.app/AppIcon76x76@2x~ipad.png (in target 'CharadesTiltGuess' from project 'CharadesTiltGuess')
note: Emplaced /Users/hyder/Library/Developer/Xcode/DerivedData/CharadesTiltGuess-dofhjvdgiyaqetedgsrvlylfuexi/Build/Products/Debug-iphonesimulator/CharadesTiltGuess.app/Assets.car (in target 'CharadesTiltGuess' from project 'CharadesTiltGuess')
note: Emplaced /Users/hyder/Library/Developer/Xcode/DerivedData/CharadesTiltGuess-dofhjvdgiyaqetedgsrvlylfuexi/Build/Products/Debug-iphonesimulator/CharadesTiltGuess.app/AppIcon60x60@2x.png (in target 'CharadesTiltGuess' from project 'CharadesTiltGuess')

SwiftDriverJobDiscovery normal x86_64 Compiling DoodleButtons.swift (in target 'CharadesTiltGuess' from project 'CharadesTiltGuess')

SwiftCompile normal x86_64 Compiling\ AppTheme.swift /Users/hyder/Documents/Projects/Charades/CharadesTiltGuess/Utilities/AppTheme.swift (in target 'CharadesTiltGuess' from project 'CharadesTiltGuess')

SwiftCompile normal x86_64 /Users/hyder/Documents/Projects/Charades/CharadesTiltGuess/Utilities/AppTheme.swift (in target 'CharadesTiltGuess' from project 'CharadesTiltGuess')
    cd /Users/hyder/Documents/Projects/Charades
    

ProcessInfoPlistFile /Users/hyder/Library/Developer/Xcode/DerivedData/CharadesTiltGuess-dofhjvdgiyaqetedgsrvlylfuexi/Build/Products/Debug-iphonesimulator/CharadesTiltGuess.app/Info.plist /Users/hyder/Library/Developer/Xcode/DerivedData/CharadesTiltGuess-dofhjvdgiyaqetedgsrvlylfuexi/Build/Intermediates.noindex/CharadesTiltGuess.build/Debug-iphonesimulator/CharadesTiltGuess.build/empty-CharadesTiltGuess.plist (in target 'CharadesTiltGuess' from project 'CharadesTiltGuess')
    cd /Users/hyder/Documents/Projects/Charades
    builtin-infoPlistUtility /Users/hyder/Library/Developer/Xcode/DerivedData/CharadesTiltGuess-dofhjvdgiyaqetedgsrvlylfuexi/Build/Intermediates.noindex/CharadesTiltGuess.build/Debug-iphonesimulator/CharadesTiltGuess.build/empty-CharadesTiltGuess.plist -producttype com.apple.product-type.application -genpkginfo /Users/hyder/Library/Developer/Xcode/DerivedData/CharadesTiltGuess-dofhjvdgiyaqetedgsrvlylfuexi/Build/Products/Debug-iphonesimulator/CharadesTiltGuess.app/PkgInfo -expandbuildsettings -format binary -platform iphonesimulator -additionalcontentfile /Users/hyder/Library/Developer/Xcode/DerivedData/CharadesTiltGuess-dofhjvdgiyaqetedgsrvlylfuexi/Build/Intermediates.noindex/CharadesTiltGuess.build/Debug-iphonesimulator/CharadesTiltGuess.build/assetcatalog_generated_info.plist -o /Users/hyder/Library/Developer/Xcode/DerivedData/CharadesTiltGuess-dofhjvdgiyaqetedgsrvlylfuexi/Build/Products/Debug-iphonesimulator/CharadesTiltGuess.app/Info.plist

SwiftDriverJobDiscovery normal x86_64 Compiling DoodleBackground.swift (in target 'CharadesTiltGuess' from project 'CharadesTiltGuess')

SwiftCompile normal arm64 Compiling\ CustomDeckDetailView.swift,\ ModeInstructionsView.swift,\ ModeDeckSelectionView.swift,\ PasteAndPlayView.swift,\ WikipediaModeView.swift,\ OnboardingView.swift,\ TeamMatchState.swift /Users/hyder/Documents/Projects/Charades/CharadesTiltGuess/Views/DeckDetail/CustomDeckDetailView.swift /Users/hyder/Documents/Projects/Charades/CharadesTiltGuess/Views/Game/ModeInstructionsView.swift /Users/hyder/Documents/Projects/Charades/CharadesTiltGuess/Views/Home/ModeDeckSelectionView.swift /Users/hyder/Documents/Projects/Charades/CharadesTiltGuess/Views/Home/PasteAndPlayView.swift /Users/hyder/Documents/Projects/Charades/CharadesTiltGuess/Views/Home/WikipediaModeView.swift /Users/hyder/Documents/Projects/Charades/CharadesTiltGuess/Views/Onboarding/OnboardingView.swift /Users/hyder/Documents/Projects/Charades/CharadesTiltGuess/Models/TeamMatchState.swift (in target 'CharadesTiltGuess' from project 'CharadesTiltGuess')
SwiftCompile normal arm64 /Users/hyder/Documents/Projects/Charades/CharadesTiltGuess/Views/DeckDetail/CustomDeckDetailView.swift (in target 'CharadesTiltGuess' from project 'CharadesTiltGuess')
    cd /Users/hyder/Documents/Projects/Charades
    

SwiftCompile normal arm64 /Users/hyder/Documents/Projects/Charades/CharadesTiltGuess/Views/Game/ModeInstructionsView.swift (in target 'CharadesTiltGuess' from project 'CharadesTiltGuess')
    cd /Users/hyder/Documents/Projects/Charades
    

SwiftCompile normal arm64 /Users/hyder/Documents/Projects/Charades/CharadesTiltGuess/Views/Home/ModeDeckSelectionView.swift (in target 'CharadesTiltGuess' from project 'CharadesTiltGuess')
    cd /Users/hyder/Documents/Projects/Charades
    

SwiftCompile normal arm64 /Users/hyder/Documents/Projects/Charades/CharadesTiltGuess/Views/Home/PasteAndPlayView.swift (in target 'CharadesTiltGuess' from project 'CharadesTiltGuess')
    cd /Users/hyder/Documents/Projects/Charades
    

SwiftCompile normal arm64 /Users/hyder/Documents/Projects/Charades/CharadesTiltGuess/Views/Home/WikipediaModeView.swift (in target 'CharadesTiltGuess' from project 'CharadesTiltGuess')
    cd /Users/hyder/Documents/Projects/Charades
    

SwiftCompile normal arm64 /Users/hyder/Documents/Projects/Charades/CharadesTiltGuess/Views/Onboarding/OnboardingView.swift (in target 'CharadesTiltGuess' from project 'CharadesTiltGuess')
    cd /Users/hyder/Documents/Projects/Charades
    

SwiftCompile normal arm64 /Users/hyder/Documents/Projects/Charades/CharadesTiltGuess/Models/TeamMatchState.swift (in target 'CharadesTiltGuess' from project 'CharadesTiltGuess')
    cd /Users/hyder/Documents/Projects/Charades
    

SwiftCompile normal arm64 Compiling\ DeckColor.swift,\ DeckType.swift,\ GameWord.swift,\ GameMode.swift,\ GameConfiguration.swift,\ ChallengeCard.swift,\ WordStatus.swift /Users/hyder/Documents/Projects/Charades/CharadesTiltGuess/Models/DeckColor.swift /Users/hyder/Documents/Projects/Charades/CharadesTiltGuess/Models/DeckType.swift /Users/hyder/Documents/Projects/Charades/CharadesTiltGuess/Models/GameWord.swift /Users/hyder/Documents/Projects/Charades/CharadesTiltGuess/Models/GameMode.swift /Users/hyder/Documents/Projects/Charades/CharadesTiltGuess/Models/GameConfiguration.swift /Users/hyder/Documents/Projects/Charades/CharadesTiltGuess/Models/ChallengeCard.swift /Users/hyder/Documents/Projects/Charades/CharadesTiltGuess/Models/WordStatus.swift (in target 'CharadesTiltGuess' from project 'CharadesTiltGuess')

SwiftCompile normal arm64 /Users/hyder/Documents/Projects/Charades/CharadesTiltGuess/Models/DeckColor.swift (in target 'CharadesTiltGuess' from project 'CharadesTiltGuess')
    cd /Users/hyder/Documents/Projects/Charades
    

SwiftCompile normal arm64 /Users/hyder/Documents/Projects/Charades/CharadesTiltGuess/Models/DeckType.swift (in target 'CharadesTiltGuess' from project 'CharadesTiltGuess')
    cd /Users/hyder/Documents/Projects/Charades
    

SwiftCompile normal arm64 /Users/hyder/Documents/Projects/Charades/CharadesTiltGuess/Models/GameWord.swift (in target 'CharadesTiltGuess' from project 'CharadesTiltGuess')
    cd /Users/hyder/Documents/Projects/Charades
    

SwiftCompile normal arm64 /Users/hyder/Documents/Projects/Charades/CharadesTiltGuess/Models/GameMode.swift (in target 'CharadesTiltGuess' from project 'CharadesTiltGuess')
    cd /Users/hyder/Documents/Projects/Charades
    

SwiftCompile normal arm64 /Users/hyder/Documents/Projects/Charades/CharadesTiltGuess/Models/GameConfiguration.swift (in target 'CharadesTiltGuess' from project 'CharadesTiltGuess')
    cd /Users/hyder/Documents/Projects/Charades
    

SwiftCompile normal arm64 /Users/hyder/Documents/Projects/Charades/CharadesTiltGuess/Models/ChallengeCard.swift (in target 'CharadesTiltGuess' from project 'CharadesTiltGuess')
    cd /Users/hyder/Documents/Projects/Charades
    

SwiftCompile normal arm64 /Users/hyder/Documents/Projects/Charades/CharadesTiltGuess/Models/WordStatus.swift (in target 'CharadesTiltGuess' from project 'CharadesTiltGuess')
    cd /Users/hyder/Documents/Projects/Charades
    

SwiftDriverJobDiscovery normal x86_64 Compiling GameViewModel.swift (in target 'CharadesTiltGuess' from project 'CharadesTiltGuess')

SwiftCompile normal x86_64 Compiling\ ResultsView.swift,\ SettingsView.swift,\ GameSession.swift,\ RoundResult.swift,\ TiltSensitivity.swift /Users/hyder/Documents/Projects/Charades/CharadesTiltGuess/Views/Results/ResultsView.swift /Users/hyder/Documents/Projects/Charades/CharadesTiltGuess/Views/Settings/SettingsView.swift /Users/hyder/Documents/Projects/Charades/CharadesTiltGuess/Models/GameSession.swift /Users/hyder/Documents/Projects/Charades/CharadesTiltGuess/Models/RoundResult.swift /Users/hyder/Documents/Projects/Charades/CharadesTiltGuess/Models/TiltSensitivity.swift (in target 'CharadesTiltGuess' from project 'CharadesTiltGuess')

SwiftCompile normal x86_64 /Users/hyder/Documents/Projects/Charades/CharadesTiltGuess/Views/Results/ResultsView.swift (in target 'CharadesTiltGuess' from project 'CharadesTiltGuess')
    cd /Users/hyder/Documents/Projects/Charades
    

SwiftCompile normal x86_64 /Users/hyder/Documents/Projects/Charades/CharadesTiltGuess/Views/Settings/SettingsView.swift (in target 'CharadesTiltGuess' from project 'CharadesTiltGuess')
    cd /Users/hyder/Documents/Projects/Charades
    

SwiftCompile normal x86_64 /Users/hyder/Documents/Projects/Charades/CharadesTiltGuess/Models/GameSession.swift (in target 'CharadesTiltGuess' from project 'CharadesTiltGuess')
    cd /Users/hyder/Documents/Projects/Charades
    

SwiftCompile normal x86_64 /Users/hyder/Documents/Projects/Charades/CharadesTiltGuess/Models/RoundResult.swift (in target 'CharadesTiltGuess' from project 'CharadesTiltGuess')
    cd /Users/hyder/Documents/Projects/Charades
    

SwiftCompile normal x86_64 /Users/hyder/Documents/Projects/Charades/CharadesTiltGuess/Models/TiltSensitivity.swift (in target 'CharadesTiltGuess' from project 'CharadesTiltGuess')
    cd /Users/hyder/Documents/Projects/Charades
    

SwiftDriverJobDiscovery normal x86_64 Compiling AppTheme.swift (in target 'CharadesTiltGuess' from project 'CharadesTiltGuess')

SwiftCompile normal x86_64 Compiling\ GameMode.swift /Users/hyder/Documents/Projects/Charades/CharadesTiltGuess/Models/GameMode.swift (in target 'CharadesTiltGuess' from project 'CharadesTiltGuess')

SwiftCompile normal x86_64 /Users/hyder/Documents/Projects/Charades/CharadesTiltGuess/Models/GameMode.swift (in target 'CharadesTiltGuess' from project 'CharadesTiltGuess')
    cd /Users/hyder/Documents/Projects/Charades
    

SwiftDriverJobDiscovery normal x86_64 Compiling DeckGridView.swift (in target 'CharadesTiltGuess' from project 'CharadesTiltGuess')

SwiftDriverJobDiscovery normal x86_64 Compiling OnboardingView.swift, TeamMatchState.swift, TeamMatchSelectionView.swift, TeamMatchLobbyView.swift (in target 'CharadesTiltGuess' from project 'CharadesTiltGuess')

SwiftCompile normal x86_64 Compiling\ GameWord.swift /Users/hyder/Documents/Projects/Charades/CharadesTiltGuess/Models/GameWord.swift (in target 'CharadesTiltGuess' from project 'CharadesTiltGuess')

SwiftCompile normal x86_64 /Users/hyder/Documents/Projects/Charades/CharadesTiltGuess/Models/GameWord.swift (in target 'CharadesTiltGuess' from project 'CharadesTiltGuess')
    cd /Users/hyder/Documents/Projects/Charades
    

SwiftCompile normal x86_64 Compiling\ ClipboardImportService.swift /Users/hyder/Documents/Projects/Charades/CharadesTiltGuess/Services/ClipboardImportService.swift (in target 'CharadesTiltGuess' from project 'CharadesTiltGuess')

SwiftCompile normal x86_64 /Users/hyder/Documents/Projects/Charades/CharadesTiltGuess/Services/ClipboardImportService.swift (in target 'CharadesTiltGuess' from project 'CharadesTiltGuess')
    cd /Users/hyder/Documents/Projects/Charades
    

SwiftDriverJobDiscovery normal x86_64 Compiling CustomDeckDetailViewModel.swift (in target 'CharadesTiltGuess' from project 'CharadesTiltGuess')

SwiftCompile normal x86_64 Compiling\ DeckType.swift /Users/hyder/Documents/Projects/Charades/CharadesTiltGuess/Models/DeckType.swift (in target 'CharadesTiltGuess' from project 'CharadesTiltGuess')

SwiftCompile normal x86_64 /Users/hyder/Documents/Projects/Charades/CharadesTiltGuess/Models/DeckType.swift (in target 'CharadesTiltGuess' from project 'CharadesTiltGuess')
    cd /Users/hyder/Documents/Projects/Charades
    

SwiftDriverJobDiscovery normal x86_64 Compiling GameWord.swift (in target 'CharadesTiltGuess' from project 'CharadesTiltGuess')

SwiftCompile normal x86_64 Compiling\ Deck.swift /Users/hyder/Documents/Projects/Charades/CharadesTiltGuess/Models/Deck.swift (in target 'CharadesTiltGuess' from project 'CharadesTiltGuess')

SwiftCompile normal x86_64 /Users/hyder/Documents/Projects/Charades/CharadesTiltGuess/Models/Deck.swift (in target 'CharadesTiltGuess' from project 'CharadesTiltGuess')
    cd /Users/hyder/Documents/Projects/Charades
    

SwiftDriverJobDiscovery normal x86_64 Compiling GameMode.swift (in target 'CharadesTiltGuess' from project 'CharadesTiltGuess')

SwiftCompile normal x86_64 Compiling\ DeckColor.swift /Users/hyder/Documents/Projects/Charades/CharadesTiltGuess/Models/DeckColor.swift (in target 'CharadesTiltGuess' from project 'CharadesTiltGuess')

SwiftCompile normal x86_64 /Users/hyder/Documents/Projects/Charades/CharadesTiltGuess/Models/DeckColor.swift (in target 'CharadesTiltGuess' from project 'CharadesTiltGuess')
    cd /Users/hyder/Documents/Projects/Charades
    

SwiftDriverJobDiscovery normal x86_64 Compiling DeckType.swift (in target 'CharadesTiltGuess' from project 'CharadesTiltGuess')

SwiftCompile normal x86_64 Compiling\ WordStatus.swift /Users/hyder/Documents/Projects/Charades/CharadesTiltGuess/Models/WordStatus.swift (in target 'CharadesTiltGuess' from project 'CharadesTiltGuess')

SwiftCompile normal x86_64 /Users/hyder/Documents/Projects/Charades/CharadesTiltGuess/Models/WordStatus.swift (in target 'CharadesTiltGuess' from project 'CharadesTiltGuess')
    cd /Users/hyder/Documents/Projects/Charades
    

SwiftDriverJobDiscovery normal x86_64 Compiling ClipboardImportService.swift (in target 'CharadesTiltGuess' from project 'CharadesTiltGuess')

SwiftCompile normal x86_64 Compiling\ ChallengeCard.swift /Users/hyder/Documents/Projects/Charades/CharadesTiltGuess/Models/ChallengeCard.swift (in target 'CharadesTiltGuess' from project 'CharadesTiltGuess')

SwiftCompile normal x86_64 /Users/hyder/Documents/Projects/Charades/CharadesTiltGuess/Models/ChallengeCard.swift (in target 'CharadesTiltGuess' from project 'CharadesTiltGuess')
    cd /Users/hyder/Documents/Projects/Charades
    

SwiftDriverJobDiscovery normal x86_64 Compiling Deck.swift (in target 'CharadesTiltGuess' from project 'CharadesTiltGuess')

SwiftCompile normal x86_64 Compiling\ GameConfiguration.swift /Users/hyder/Documents/Projects/Charades/CharadesTiltGuess/Models/GameConfiguration.swift (in target 'CharadesTiltGuess' from project 'CharadesTiltGuess')

SwiftCompile normal x86_64 /Users/hyder/Documents/Projects/Charades/CharadesTiltGuess/Models/GameConfiguration.swift (in target 'CharadesTiltGuess' from project 'CharadesTiltGuess')
    cd /Users/hyder/Documents/Projects/Charades
    

SwiftDriverJobDiscovery normal x86_64 Compiling CharadesTiltGuessApp.swift, AppMetadata.swift, HomeView.swift, AppRouter.swift, GameView.swift (in target 'CharadesTiltGuess' from project 'CharadesTiltGuess')

SwiftDriverJobDiscovery normal x86_64 Compiling DeckColor.swift (in target 'CharadesTiltGuess' from project 'CharadesTiltGuess')

SwiftDriverJobDiscovery normal arm64 Compiling DeckColor.swift, DeckType.swift, GameWord.swift, GameMode.swift, GameConfiguration.swift, ChallengeCard.swift, WordStatus.swift (in target 'CharadesTiltGuess' from project 'CharadesTiltGuess')

SwiftDriverJobDiscovery normal x86_64 Compiling WordStatus.swift (in target 'CharadesTiltGuess' from project 'CharadesTiltGuess')

SwiftDriverJobDiscovery normal x86_64 Compiling ChallengeCard.swift (in target 'CharadesTiltGuess' from project 'CharadesTiltGuess')

SwiftDriverJobDiscovery normal x86_64 Compiling GameConfiguration.swift (in target 'CharadesTiltGuess' from project 'CharadesTiltGuess')

SwiftDriverJobDiscovery normal x86_64 Compiling MotionManager.swift, WikipediaService.swift, CustomDeckStore.swift, CustomDeckDetailView.swift (in target 'CharadesTiltGuess' from project 'CharadesTiltGuess')

SwiftDriverJobDiscovery normal x86_64 Compiling ResultsView.swift, SettingsView.swift, GameSession.swift, RoundResult.swift, TiltSensitivity.swift (in target 'CharadesTiltGuess' from project 'CharadesTiltGuess')

SwiftDriver\ Compilation CharadesTiltGuess normal x86_64 com.apple.xcode.tools.swift.compiler (in target 'CharadesTiltGuess' from project 'CharadesTiltGuess')
    cd /Users/hyder/Documents/Projects/Charades
    builtin-Swift-Compilation -- /Applications/Xcode.app/Contents/Developer/Toolchains/XcodeDefault.xctoolchain/usr/bin/swiftc -module-name CharadesTiltGuess -Onone @/Users/hyder/Library/Developer/Xcode/DerivedData/CharadesTiltGuess-dofhjvdgiyaqetedgsrvlylfuexi/Build/Intermediates.noindex/CharadesTiltGuess.build/Debug-iphonesimulator/CharadesTiltGuess.build/Objects-normal/x86_64/CharadesTiltGuess.SwiftFileList -DDEBUG -enable-bare-slash-regex -enable-experimental-feature DebugDescriptionMacro -sdk /Applications/Xcode.app/Contents/Developer/Platforms/iPhoneSimulator.platform/Developer/SDKs/iPhoneSimulator26.5.sdk -target x86_64-apple-ios17.0-simulator -g -module-cache-path /Users/hyder/Library/Developer/Xcode/DerivedData/ModuleCache.noindex -Xfrontend -serialize-debugging-options -enable-testing -index-store-path /Users/hyder/Library/Developer/Xcode/DerivedData/CharadesTiltGuess-dofhjvdgiyaqetedgsrvlylfuexi/Index.noindex/DataStore -Xcc -D_LIBCPP_HARDENING_MODE\=_LIBCPP_HARDENING_MODE_DEBUG -swift-version 5 -I /Users/hyder/Library/Developer/Xcode/DerivedData/CharadesTiltGuess-dofhjvdgiyaqetedgsrvlylfuexi/Build/Products/Debug-iphonesimulator -F /Users/hyder/Library/Developer/Xcode/DerivedData/CharadesTiltGuess-dofhjvdgiyaqetedgsrvlylfuexi/Build/Products/Debug-iphonesimulator -emit-localized-strings -emit-localized-strings-path /Users/hyder/Library/Developer/Xcode/DerivedData/CharadesTiltGuess-dofhjvdgiyaqetedgsrvlylfuexi/Build/Intermediates.noindex/CharadesTiltGuess.build/Debug-iphonesimulator/CharadesTiltGuess.build/Objects-normal/x86_64 -c -j8 -enable-batch-mode -incremental -Xcc -ivfsstatcache -Xcc /Users/hyder/Library/Developer/Xcode/DerivedData/SDKStatCaches.noindex/iphonesimulator26.5-23F73-6cfe768891a92b912361537c460fe42b.sdkstatcache -output-file-map /Users/hyder/Library/Developer/Xcode/DerivedData/CharadesTiltGuess-dofhjvdgiyaqetedgsrvlylfuexi/Build/Intermediates.noindex/CharadesTiltGuess.build/Debug-iphonesimulator/CharadesTiltGuess.build/Objects-normal/x86_64/CharadesTiltGuess-OutputFileMap.json -use-frontend-parseable-output -save-temps -no-color-diagnostics -explicit-module-build -module-cache-path /Users/hyder/Library/Developer/Xcode/DerivedData/CharadesTiltGuess-dofhjvdgiyaqetedgsrvlylfuexi/Build/Intermediates.noindex/SwiftExplicitPrecompiledModules -clang-scanner-module-cache-path /Users/hyder/Library/Developer/Xcode/DerivedData/ModuleCache.noindex -sdk-module-cache-path /Users/hyder/Library/Developer/Xcode/DerivedData/ModuleCache.noindex -serialize-diagnostics -emit-dependencies -emit-module -emit-module-path /Users/hyder/Library/Developer/Xcode/DerivedData/CharadesTiltGuess-dofhjvdgiyaqetedgsrvlylfuexi/Build/Intermediates.noindex/CharadesTiltGuess.build/Debug-iphonesimulator/CharadesTiltGuess.build/Objects-normal/x86_64/CharadesTiltGuess.swiftmodule -validate-clang-modules-once -clang-build-session-file /Users/hyder/Library/Developer/Xcode/DerivedData/ModuleCache.noindex/Session.modulevalidation -Xcc -I/Users/hyder/Library/Developer/Xcode/DerivedData/CharadesTiltGuess-dofhjvdgiyaqetedgsrvlylfuexi/Build/Intermediates.noindex/CharadesTiltGuess.build/Debug-iphonesimulator/CharadesTiltGuess.build/swift-overrides.hmap -emit-const-values -Xfrontend -const-gather-protocols-file -Xfrontend /Users/hyder/Library/Developer/Xcode/DerivedData/CharadesTiltGuess-dofhjvdgiyaqetedgsrvlylfuexi/Build/Intermediates.noindex/CharadesTiltGuess.build/Debug-iphonesimulator/CharadesTiltGuess.build/Objects-normal/x86_64/CharadesTiltGuess_const_extract_protocols.json -Xcc -iquote -Xcc /Users/hyder/Library/Developer/Xcode/DerivedData/CharadesTiltGuess-dofhjvdgiyaqetedgsrvlylfuexi/Build/Intermediates.noindex/CharadesTiltGuess.build/Debug-iphonesimulator/CharadesTiltGuess.build/CharadesTiltGuess-generated-files.hmap -Xcc -I/Users/hyder/Library/Developer/Xcode/DerivedData/CharadesTiltGuess-dofhjvdgiyaqetedgsrvlylfuexi/Build/Intermediates.noindex/CharadesTiltGuess.build/Debug-iphonesimulator/CharadesTiltGuess.build/CharadesTiltGuess-own-target-headers.hmap -Xcc -I/Users/hyder/Library/Developer/Xcode/DerivedData/CharadesTiltGuess-dofhjvdgiyaqetedgsrvlylfuexi/Build/Intermediates.noindex/CharadesTiltGuess.build/Debug-iphonesimulator/CharadesTiltGuess.build/CharadesTiltGuess-all-target-headers.hmap -Xcc -iquote -Xcc /Users/hyder/Library/Developer/Xcode/DerivedData/CharadesTiltGuess-dofhjvdgiyaqetedgsrvlylfuexi/Build/Intermediates.noindex/CharadesTiltGuess.build/Debug-iphonesimulator/CharadesTiltGuess.build/CharadesTiltGuess-project-headers.hmap -Xcc -I/Users/hyder/Library/Developer/Xcode/DerivedData/CharadesTiltGuess-dofhjvdgiyaqetedgsrvlylfuexi/Build/Products/Debug-iphonesimulator/include -Xcc -I/Users/hyder/Library/Developer/Xcode/DerivedData/CharadesTiltGuess-dofhjvdgiyaqetedgsrvlylfuexi/Build/Intermediates.noindex/CharadesTiltGuess.build/Debug-iphonesimulator/CharadesTiltGuess.build/DerivedSources-normal/x86_64 -Xcc -I/Users/hyder/Library/Developer/Xcode/DerivedData/CharadesTiltGuess-dofhjvdgiyaqetedgsrvlylfuexi/Build/Intermediates.noindex/CharadesTiltGuess.build/Debug-iphonesimulator/CharadesTiltGuess.build/DerivedSources/x86_64 -Xcc -I/Users/hyder/Library/Developer/Xcode/DerivedData/CharadesTiltGuess-dofhjvdgiyaqetedgsrvlylfuexi/Build/Intermediates.noindex/CharadesTiltGuess.build/Debug-iphonesimulator/CharadesTiltGuess.build/DerivedSources -Xcc -DDEBUG\=1 -emit-objc-header -emit-objc-header-path /Users/hyder/Library/Developer/Xcode/DerivedData/CharadesTiltGuess-dofhjvdgiyaqetedgsrvlylfuexi/Build/Intermediates.noindex/CharadesTiltGuess.build/Debug-iphonesimulator/CharadesTiltGuess.build/Objects-normal/x86_64/CharadesTiltGuess-Swift.h -working-directory /Users/hyder/Documents/Projects/Charades -experimental-emit-module-separately -disable-cmo

Ld /Users/hyder/Library/Developer/Xcode/DerivedData/CharadesTiltGuess-dofhjvdgiyaqetedgsrvlylfuexi/Build/Intermediates.noindex/CharadesTiltGuess.build/Debug-iphonesimulator/CharadesTiltGuess.build/Objects-normal/x86_64/Binary/CharadesTiltGuess.debug.dylib normal x86_64 (in target 'CharadesTiltGuess' from project 'CharadesTiltGuess')
    cd /Users/hyder/Documents/Projects/Charades
    /Applications/Xcode.app/Contents/Developer/Toolchains/XcodeDefault.xctoolchain/usr/bin/clang -Xlinker -reproducible -target x86_64-apple-ios17.0-simulator -dynamiclib -isysroot /Applications/Xcode.app/Contents/Developer/Platforms/iPhoneSimulator.platform/Developer/SDKs/iPhoneSimulator26.5.sdk -O0 -L/Users/hyder/Library/Developer/Xcode/DerivedData/CharadesTiltGuess-dofhjvdgiyaqetedgsrvlylfuexi/Build/Intermediates.noindex/EagerLinkingTBDs/Debug-iphonesimulator -L/Users/hyder/Library/Developer/Xcode/DerivedData/CharadesTiltGuess-dofhjvdgiyaqetedgsrvlylfuexi/Build/Products/Debug-iphonesimulator -F/Users/hyder/Library/Developer/Xcode/DerivedData/CharadesTiltGuess-dofhjvdgiyaqetedgsrvlylfuexi/Build/Intermediates.noindex/EagerLinkingTBDs/Debug-iphonesimulator -F/Users/hyder/Library/Developer/Xcode/DerivedData/CharadesTiltGuess-dofhjvdgiyaqetedgsrvlylfuexi/Build/Products/Debug-iphonesimulator -filelist /Users/hyder/Library/Developer/Xcode/DerivedData/CharadesTiltGuess-dofhjvdgiyaqetedgsrvlylfuexi/Build/Intermediates.noindex/CharadesTiltGuess.build/Debug-iphonesimulator/CharadesTiltGuess.build/Objects-normal/x86_64/CharadesTiltGuess.LinkFileList -install_name @rpath/CharadesTiltGuess.debug.dylib -Xlinker -rpath -Xlinker /usr/lib/swift -Xlinker -rpath -Xlinker @executable_path/Frameworks -Xlinker -dead_strip -Xlinker -object_path_lto -Xlinker /Users/hyder/Library/Developer/Xcode/DerivedData/CharadesTiltGuess-dofhjvdgiyaqetedgsrvlylfuexi/Build/Intermediates.noindex/CharadesTiltGuess.build/Debug-iphonesimulator/CharadesTiltGuess.build/Objects-normal/x86_64/CharadesTiltGuess_lto.o -rdynamic -Xlinker -no_deduplicate -Xlinker -objc_abi_version -Xlinker 2 -Xlinker -dependency_info -Xlinker /Users/hyder/Library/Developer/Xcode/DerivedData/CharadesTiltGuess-dofhjvdgiyaqetedgsrvlylfuexi/Build/Intermediates.noindex/CharadesTiltGuess.build/Debug-iphonesimulator/CharadesTiltGuess.build/Objects-normal/x86_64/CharadesTiltGuess_dependency_info.dat -fobjc-link-runtime -L/Applications/Xcode.app/Contents/Developer/Toolchains/XcodeDefault.xctoolchain/usr/lib/swift/iphonesimulator -L/usr/lib/swift -Xlinker -add_ast_path -Xlinker /Users/hyder/Library/Developer/Xcode/DerivedData/CharadesTiltGuess-dofhjvdgiyaqetedgsrvlylfuexi/Build/Intermediates.noindex/CharadesTiltGuess.build/Debug-iphonesimulator/CharadesTiltGuess.build/Objects-normal/x86_64/CharadesTiltGuess.swiftmodule @/Users/hyder/Library/Developer/Xcode/DerivedData/CharadesTiltGuess-dofhjvdgiyaqetedgsrvlylfuexi/Build/Intermediates.noindex/CharadesTiltGuess.build/Debug-iphonesimulator/CharadesTiltGuess.build/Objects-normal/x86_64/CharadesTiltGuess-linker-args.resp -Xlinker -alias -Xlinker _main -Xlinker ___debug_main_executable_dylib_entry_point -Xlinker -no_adhoc_codesign -o /Users/hyder/Library/Developer/Xcode/DerivedData/CharadesTiltGuess-dofhjvdgiyaqetedgsrvlylfuexi/Build/Intermediates.noindex/CharadesTiltGuess.build/Debug-iphonesimulator/CharadesTiltGuess.build/Objects-normal/x86_64/Binary/CharadesTiltGuess.debug.dylib

ConstructStubExecutorLinkFileList /Users/hyder/Library/Developer/Xcode/DerivedData/CharadesTiltGuess-dofhjvdgiyaqetedgsrvlylfuexi/Build/Intermediates.noindex/CharadesTiltGuess.build/Debug-iphonesimulator/CharadesTiltGuess.build/CharadesTiltGuess-ExecutorLinkFileList-normal-x86_64.txt (in target 'CharadesTiltGuess' from project 'CharadesTiltGuess')
    cd /Users/hyder/Documents/Projects/Charades
    construct-stub-executor-link-file-list /Users/hyder/Library/Developer/Xcode/DerivedData/CharadesTiltGuess-dofhjvdgiyaqetedgsrvlylfuexi/Build/Intermediates.noindex/CharadesTiltGuess.build/Debug-iphonesimulator/CharadesTiltGuess.build/Objects-normal/x86_64/Binary/CharadesTiltGuess.debug.dylib /Applications/Xcode.app/Contents/Developer/Platforms/iPhoneSimulator.platform/Developer/usr/lib/libPreviewsJITStubExecutor_no_swift_entry_point.a /Applications/Xcode.app/Contents/Developer/Platforms/iPhoneSimulator.platform/Developer/usr/lib/libPreviewsJITStubExecutor.a --output /Users/hyder/Library/Developer/Xcode/DerivedData/CharadesTiltGuess-dofhjvdgiyaqetedgsrvlylfuexi/Build/Intermediates.noindex/CharadesTiltGuess.build/Debug-iphonesimulator/CharadesTiltGuess.build/CharadesTiltGuess-ExecutorLinkFileList-normal-x86_64.txt
note: Using stub executor library with Swift entry point. (in target 'CharadesTiltGuess' from project 'CharadesTiltGuess')

Ld /Users/hyder/Library/Developer/Xcode/DerivedData/CharadesTiltGuess-dofhjvdgiyaqetedgsrvlylfuexi/Build/Intermediates.noindex/CharadesTiltGuess.build/Debug-iphonesimulator/CharadesTiltGuess.build/Objects-normal/x86_64/Binary/CharadesTiltGuess normal x86_64 (in target 'CharadesTiltGuess' from project 'CharadesTiltGuess')
    cd /Users/hyder/Documents/Projects/Charades
    /Applications/Xcode.app/Contents/Developer/Toolchains/XcodeDefault.xctoolchain/usr/bin/clang -Xlinker -reproducible -target x86_64-apple-ios17.0-simulator -isysroot /Applications/Xcode.app/Contents/Developer/Platforms/iPhoneSimulator.platform/Developer/SDKs/iPhoneSimulator26.5.sdk -O0 -L/Users/hyder/Library/Developer/Xcode/DerivedData/CharadesTiltGuess-dofhjvdgiyaqetedgsrvlylfuexi/Build/Products/Debug-iphonesimulator -F/Users/hyder/Library/Developer/Xcode/DerivedData/CharadesTiltGuess-dofhjvdgiyaqetedgsrvlylfuexi/Build/Products/Debug-iphonesimulator -Xlinker -rpath -Xlinker @executable_path -Xlinker -rpath -Xlinker @executable_path/Frameworks -rdynamic -Xlinker -no_deduplicate -Xlinker -objc_abi_version -Xlinker 2 -e ___debug_blank_executor_main -Xlinker -sectcreate -Xlinker __TEXT -Xlinker __debug_dylib -Xlinker /Users/hyder/Library/Developer/Xcode/DerivedData/CharadesTiltGuess-dofhjvdgiyaqetedgsrvlylfuexi/Build/Intermediates.noindex/CharadesTiltGuess.build/Debug-iphonesimulator/CharadesTiltGuess.build/CharadesTiltGuess-DebugDylibPath-normal-x86_64.txt -Xlinker -sectcreate -Xlinker __TEXT -Xlinker __debug_instlnm -Xlinker /Users/hyder/Library/Developer/Xcode/DerivedData/CharadesTiltGuess-dofhjvdgiyaqetedgsrvlylfuexi/Build/Intermediates.noindex/CharadesTiltGuess.build/Debug-iphonesimulator/CharadesTiltGuess.build/CharadesTiltGuess-DebugDylibInstallName-normal-x86_64.txt -Xlinker -filelist -Xlinker /Users/hyder/Library/Developer/Xcode/DerivedData/CharadesTiltGuess-dofhjvdgiyaqetedgsrvlylfuexi/Build/Intermediates.noindex/CharadesTiltGuess.build/Debug-iphonesimulator/CharadesTiltGuess.build/CharadesTiltGuess-ExecutorLinkFileList-normal-x86_64.txt -Xlinker -sectcreate -Xlinker __TEXT -Xlinker __entitlements -Xlinker /Users/hyder/Library/Developer/Xcode/DerivedData/CharadesTiltGuess-dofhjvdgiyaqetedgsrvlylfuexi/Build/Intermediates.noindex/CharadesTiltGuess.build/Debug-iphonesimulator/CharadesTiltGuess.build/CharadesTiltGuess.app-Simulated.xcent -Xlinker -sectcreate -Xlinker __TEXT -Xlinker __ents_der -Xlinker /Users/hyder/Library/Developer/Xcode/DerivedData/CharadesTiltGuess-dofhjvdgiyaqetedgsrvlylfuexi/Build/Intermediates.noindex/CharadesTiltGuess.build/Debug-iphonesimulator/CharadesTiltGuess.build/CharadesTiltGuess.app-Simulated.xcent.der /Users/hyder/Library/Developer/Xcode/DerivedData/CharadesTiltGuess-dofhjvdgiyaqetedgsrvlylfuexi/Build/Intermediates.noindex/CharadesTiltGuess.build/Debug-iphonesimulator/CharadesTiltGuess.build/Objects-normal/x86_64/Binary/CharadesTiltGuess.debug.dylib -Xlinker -no_adhoc_codesign -o /Users/hyder/Library/Developer/Xcode/DerivedData/CharadesTiltGuess-dofhjvdgiyaqetedgsrvlylfuexi/Build/Intermediates.noindex/CharadesTiltGuess.build/Debug-iphonesimulator/CharadesTiltGuess.build/Objects-normal/x86_64/Binary/CharadesTiltGuess

SwiftDriverJobDiscovery normal arm64 Compiling CustomDeckDetailView.swift, ModeInstructionsView.swift, ModeDeckSelectionView.swift, PasteAndPlayView.swift, WikipediaModeView.swift, OnboardingView.swift, TeamMatchState.swift (in target 'CharadesTiltGuess' from project 'CharadesTiltGuess')

SwiftDriver\ Compilation CharadesTiltGuess normal arm64 com.apple.xcode.tools.swift.compiler (in target 'CharadesTiltGuess' from project 'CharadesTiltGuess')
    cd /Users/hyder/Documents/Projects/Charades
    builtin-Swift-Compilation -- /Applications/Xcode.app/Contents/Developer/Toolchains/XcodeDefault.xctoolchain/usr/bin/swiftc -module-name CharadesTiltGuess -Onone @/Users/hyder/Library/Developer/Xcode/DerivedData/CharadesTiltGuess-dofhjvdgiyaqetedgsrvlylfuexi/Build/Intermediates.noindex/CharadesTiltGuess.build/Debug-iphonesimulator/CharadesTiltGuess.build/Objects-normal/arm64/CharadesTiltGuess.SwiftFileList -DDEBUG -enable-bare-slash-regex -enable-experimental-feature DebugDescriptionMacro -sdk /Applications/Xcode.app/Contents/Developer/Platforms/iPhoneSimulator.platform/Developer/SDKs/iPhoneSimulator26.5.sdk -target arm64-apple-ios17.0-simulator -g -module-cache-path /Users/hyder/Library/Developer/Xcode/DerivedData/ModuleCache.noindex -Xfrontend -serialize-debugging-options -enable-testing -index-store-path /Users/hyder/Library/Developer/Xcode/DerivedData/CharadesTiltGuess-dofhjvdgiyaqetedgsrvlylfuexi/Index.noindex/DataStore -Xcc -D_LIBCPP_HARDENING_MODE\=_LIBCPP_HARDENING_MODE_DEBUG -swift-version 5 -I /Users/hyder/Library/Developer/Xcode/DerivedData/CharadesTiltGuess-dofhjvdgiyaqetedgsrvlylfuexi/Build/Products/Debug-iphonesimulator -F /Users/hyder/Library/Developer/Xcode/DerivedData/CharadesTiltGuess-dofhjvdgiyaqetedgsrvlylfuexi/Build/Products/Debug-iphonesimulator -emit-localized-strings -emit-localized-strings-path /Users/hyder/Library/Developer/Xcode/DerivedData/CharadesTiltGuess-dofhjvdgiyaqetedgsrvlylfuexi/Build/Intermediates.noindex/CharadesTiltGuess.build/Debug-iphonesimulator/CharadesTiltGuess.build/Objects-normal/arm64 -c -j8 -enable-batch-mode -incremental -Xcc -ivfsstatcache -Xcc /Users/hyder/Library/Developer/Xcode/DerivedData/SDKStatCaches.noindex/iphonesimulator26.5-23F73-6cfe768891a92b912361537c460fe42b.sdkstatcache -output-file-map /Users/hyder/Library/Developer/Xcode/DerivedData/CharadesTiltGuess-dofhjvdgiyaqetedgsrvlylfuexi/Build/Intermediates.noindex/CharadesTiltGuess.build/Debug-iphonesimulator/CharadesTiltGuess.build/Objects-normal/arm64/CharadesTiltGuess-OutputFileMap.json -use-frontend-parseable-output -save-temps -no-color-diagnostics -explicit-module-build -module-cache-path /Users/hyder/Library/Developer/Xcode/DerivedData/CharadesTiltGuess-dofhjvdgiyaqetedgsrvlylfuexi/Build/Intermediates.noindex/SwiftExplicitPrecompiledModules -clang-scanner-module-cache-path /Users/hyder/Library/Developer/Xcode/DerivedData/ModuleCache.noindex -sdk-module-cache-path /Users/hyder/Library/Developer/Xcode/DerivedData/ModuleCache.noindex -serialize-diagnostics -emit-dependencies -emit-module -emit-module-path /Users/hyder/Library/Developer/Xcode/DerivedData/CharadesTiltGuess-dofhjvdgiyaqetedgsrvlylfuexi/Build/Intermediates.noindex/CharadesTiltGuess.build/Debug-iphonesimulator/CharadesTiltGuess.build/Objects-normal/arm64/CharadesTiltGuess.swiftmodule -validate-clang-modules-once -clang-build-session-file /Users/hyder/Library/Developer/Xcode/DerivedData/ModuleCache.noindex/Session.modulevalidation -Xcc -I/Users/hyder/Library/Developer/Xcode/DerivedData/CharadesTiltGuess-dofhjvdgiyaqetedgsrvlylfuexi/Build/Intermediates.noindex/CharadesTiltGuess.build/Debug-iphonesimulator/CharadesTiltGuess.build/swift-overrides.hmap -emit-const-values -Xfrontend -const-gather-protocols-file -Xfrontend /Users/hyder/Library/Developer/Xcode/DerivedData/CharadesTiltGuess-dofhjvdgiyaqetedgsrvlylfuexi/Build/Intermediates.noindex/CharadesTiltGuess.build/Debug-iphonesimulator/CharadesTiltGuess.build/Objects-normal/arm64/CharadesTiltGuess_const_extract_protocols.json -Xcc -iquote -Xcc /Users/hyder/Library/Developer/Xcode/DerivedData/CharadesTiltGuess-dofhjvdgiyaqetedgsrvlylfuexi/Build/Intermediates.noindex/CharadesTiltGuess.build/Debug-iphonesimulator/CharadesTiltGuess.build/CharadesTiltGuess-generated-files.hmap -Xcc -I/Users/hyder/Library/Developer/Xcode/DerivedData/CharadesTiltGuess-dofhjvdgiyaqetedgsrvlylfuexi/Build/Intermediates.noindex/CharadesTiltGuess.build/Debug-iphonesimulator/CharadesTiltGuess.build/CharadesTiltGuess-own-target-headers.hmap -Xcc -I/Users/hyder/Library/Developer/Xcode/DerivedData/CharadesTiltGuess-dofhjvdgiyaqetedgsrvlylfuexi/Build/Intermediates.noindex/CharadesTiltGuess.build/Debug-iphonesimulator/CharadesTiltGuess.build/CharadesTiltGuess-all-target-headers.hmap -Xcc -iquote -Xcc /Users/hyder/Library/Developer/Xcode/DerivedData/CharadesTiltGuess-dofhjvdgiyaqetedgsrvlylfuexi/Build/Intermediates.noindex/CharadesTiltGuess.build/Debug-iphonesimulator/CharadesTiltGuess.build/CharadesTiltGuess-project-headers.hmap -Xcc -I/Users/hyder/Library/Developer/Xcode/DerivedData/CharadesTiltGuess-dofhjvdgiyaqetedgsrvlylfuexi/Build/Products/Debug-iphonesimulator/include -Xcc -I/Users/hyder/Library/Developer/Xcode/DerivedData/CharadesTiltGuess-dofhjvdgiyaqetedgsrvlylfuexi/Build/Intermediates.noindex/CharadesTiltGuess.build/Debug-iphonesimulator/CharadesTiltGuess.build/DerivedSources-normal/arm64 -Xcc -I/Users/hyder/Library/Developer/Xcode/DerivedData/CharadesTiltGuess-dofhjvdgiyaqetedgsrvlylfuexi/Build/Intermediates.noindex/CharadesTiltGuess.build/Debug-iphonesimulator/CharadesTiltGuess.build/DerivedSources/arm64 -Xcc -I/Users/hyder/Library/Developer/Xcode/DerivedData/CharadesTiltGuess-dofhjvdgiyaqetedgsrvlylfuexi/Build/Intermediates.noindex/CharadesTiltGuess.build/Debug-iphonesimulator/CharadesTiltGuess.build/DerivedSources -Xcc -DDEBUG\=1 -emit-objc-header -emit-objc-header-path /Users/hyder/Library/Developer/Xcode/DerivedData/CharadesTiltGuess-dofhjvdgiyaqetedgsrvlylfuexi/Build/Intermediates.noindex/CharadesTiltGuess.build/Debug-iphonesimulator/CharadesTiltGuess.build/Objects-normal/arm64/CharadesTiltGuess-Swift.h -working-directory /Users/hyder/Documents/Projects/Charades -experimental-emit-module-separately -disable-cmo

Ld /Users/hyder/Library/Developer/Xcode/DerivedData/CharadesTiltGuess-dofhjvdgiyaqetedgsrvlylfuexi/Build/Intermediates.noindex/CharadesTiltGuess.build/Debug-iphonesimulator/CharadesTiltGuess.build/Objects-normal/arm64/Binary/CharadesTiltGuess.debug.dylib normal arm64 (in target 'CharadesTiltGuess' from project 'CharadesTiltGuess')
    cd /Users/hyder/Documents/Projects/Charades
    /Applications/Xcode.app/Contents/Developer/Toolchains/XcodeDefault.xctoolchain/usr/bin/clang -Xlinker -reproducible -target arm64-apple-ios17.0-simulator -dynamiclib -isysroot /Applications/Xcode.app/Contents/Developer/Platforms/iPhoneSimulator.platform/Developer/SDKs/iPhoneSimulator26.5.sdk -O0 -L/Users/hyder/Library/Developer/Xcode/DerivedData/CharadesTiltGuess-dofhjvdgiyaqetedgsrvlylfuexi/Build/Intermediates.noindex/EagerLinkingTBDs/Debug-iphonesimulator -L/Users/hyder/Library/Developer/Xcode/DerivedData/CharadesTiltGuess-dofhjvdgiyaqetedgsrvlylfuexi/Build/Products/Debug-iphonesimulator -F/Users/hyder/Library/Developer/Xcode/DerivedData/CharadesTiltGuess-dofhjvdgiyaqetedgsrvlylfuexi/Build/Intermediates.noindex/EagerLinkingTBDs/Debug-iphonesimulator -F/Users/hyder/Library/Developer/Xcode/DerivedData/CharadesTiltGuess-dofhjvdgiyaqetedgsrvlylfuexi/Build/Products/Debug-iphonesimulator -filelist /Users/hyder/Library/Developer/Xcode/DerivedData/CharadesTiltGuess-dofhjvdgiyaqetedgsrvlylfuexi/Build/Intermediates.noindex/CharadesTiltGuess.build/Debug-iphonesimulator/CharadesTiltGuess.build/Objects-normal/arm64/CharadesTiltGuess.LinkFileList -install_name @rpath/CharadesTiltGuess.debug.dylib -Xlinker -rpath -Xlinker /usr/lib/swift -Xlinker -rpath -Xlinker @executable_path/Frameworks -Xlinker -dead_strip -Xlinker -object_path_lto -Xlinker /Users/hyder/Library/Developer/Xcode/DerivedData/CharadesTiltGuess-dofhjvdgiyaqetedgsrvlylfuexi/Build/Intermediates.noindex/CharadesTiltGuess.build/Debug-iphonesimulator/CharadesTiltGuess.build/Objects-normal/arm64/CharadesTiltGuess_lto.o -rdynamic -Xlinker -no_deduplicate -Xlinker -objc_abi_version -Xlinker 2 -Xlinker -dependency_info -Xlinker /Users/hyder/Library/Developer/Xcode/DerivedData/CharadesTiltGuess-dofhjvdgiyaqetedgsrvlylfuexi/Build/Intermediates.noindex/CharadesTiltGuess.build/Debug-iphonesimulator/CharadesTiltGuess.build/Objects-normal/arm64/CharadesTiltGuess_dependency_info.dat -fobjc-link-runtime -L/Applications/Xcode.app/Contents/Developer/Toolchains/XcodeDefault.xctoolchain/usr/lib/swift/iphonesimulator -L/usr/lib/swift -Xlinker -add_ast_path -Xlinker /Users/hyder/Library/Developer/Xcode/DerivedData/CharadesTiltGuess-dofhjvdgiyaqetedgsrvlylfuexi/Build/Intermediates.noindex/CharadesTiltGuess.build/Debug-iphonesimulator/CharadesTiltGuess.build/Objects-normal/arm64/CharadesTiltGuess.swiftmodule @/Users/hyder/Library/Developer/Xcode/DerivedData/CharadesTiltGuess-dofhjvdgiyaqetedgsrvlylfuexi/Build/Intermediates.noindex/CharadesTiltGuess.build/Debug-iphonesimulator/CharadesTiltGuess.build/Objects-normal/arm64/CharadesTiltGuess-linker-args.resp -Xlinker -alias -Xlinker _main -Xlinker ___debug_main_executable_dylib_entry_point -Xlinker -no_adhoc_codesign -o /Users/hyder/Library/Developer/Xcode/DerivedData/CharadesTiltGuess-dofhjvdgiyaqetedgsrvlylfuexi/Build/Intermediates.noindex/CharadesTiltGuess.build/Debug-iphonesimulator/CharadesTiltGuess.build/Objects-normal/arm64/Binary/CharadesTiltGuess.debug.dylib

CreateUniversalBinary /Users/hyder/Library/Developer/Xcode/DerivedData/CharadesTiltGuess-dofhjvdgiyaqetedgsrvlylfuexi/Build/Products/Debug-iphonesimulator/CharadesTiltGuess.app/CharadesTiltGuess.debug.dylib normal arm64\ x86_64 (in target 'CharadesTiltGuess' from project 'CharadesTiltGuess')
    cd /Users/hyder/Documents/Projects/Charades
    /Applications/Xcode.app/Contents/Developer/Toolchains/XcodeDefault.xctoolchain/usr/bin/lipo -create /Users/hyder/Library/Developer/Xcode/DerivedData/CharadesTiltGuess-dofhjvdgiyaqetedgsrvlylfuexi/Build/Intermediates.noindex/CharadesTiltGuess.build/Debug-iphonesimulator/CharadesTiltGuess.build/Objects-normal/arm64/Binary/CharadesTiltGuess.debug.dylib /Users/hyder/Library/Developer/Xcode/DerivedData/CharadesTiltGuess-dofhjvdgiyaqetedgsrvlylfuexi/Build/Intermediates.noindex/CharadesTiltGuess.build/Debug-iphonesimulator/CharadesTiltGuess.build/Objects-normal/x86_64/Binary/CharadesTiltGuess.debug.dylib -output /Users/hyder/Library/Developer/Xcode/DerivedData/CharadesTiltGuess-dofhjvdgiyaqetedgsrvlylfuexi/Build/Products/Debug-iphonesimulator/CharadesTiltGuess.app/CharadesTiltGuess.debug.dylib

ConstructStubExecutorLinkFileList /Users/hyder/Library/Developer/Xcode/DerivedData/CharadesTiltGuess-dofhjvdgiyaqetedgsrvlylfuexi/Build/Intermediates.noindex/CharadesTiltGuess.build/Debug-iphonesimulator/CharadesTiltGuess.build/CharadesTiltGuess-ExecutorLinkFileList-normal-arm64.txt (in target 'CharadesTiltGuess' from project 'CharadesTiltGuess')
    cd /Users/hyder/Documents/Projects/Charades
    construct-stub-executor-link-file-list /Users/hyder/Library/Developer/Xcode/DerivedData/CharadesTiltGuess-dofhjvdgiyaqetedgsrvlylfuexi/Build/Intermediates.noindex/CharadesTiltGuess.build/Debug-iphonesimulator/CharadesTiltGuess.build/Objects-normal/arm64/Binary/CharadesTiltGuess.debug.dylib /Applications/Xcode.app/Contents/Developer/Platforms/iPhoneSimulator.platform/Developer/usr/lib/libPreviewsJITStubExecutor_no_swift_entry_point.a /Applications/Xcode.app/Contents/Developer/Platforms/iPhoneSimulator.platform/Developer/usr/lib/libPreviewsJITStubExecutor.a --output /Users/hyder/Library/Developer/Xcode/DerivedData/CharadesTiltGuess-dofhjvdgiyaqetedgsrvlylfuexi/Build/Intermediates.noindex/CharadesTiltGuess.build/Debug-iphonesimulator/CharadesTiltGuess.build/CharadesTiltGuess-ExecutorLinkFileList-normal-arm64.txt
note: Using stub executor library with Swift entry point. (in target 'CharadesTiltGuess' from project 'CharadesTiltGuess')

Ld /Users/hyder/Library/Developer/Xcode/DerivedData/CharadesTiltGuess-dofhjvdgiyaqetedgsrvlylfuexi/Build/Intermediates.noindex/CharadesTiltGuess.build/Debug-iphonesimulator/CharadesTiltGuess.build/Objects-normal/arm64/Binary/CharadesTiltGuess normal arm64 (in target 'CharadesTiltGuess' from project 'CharadesTiltGuess')
    cd /Users/hyder/Documents/Projects/Charades
    /Applications/Xcode.app/Contents/Developer/Toolchains/XcodeDefault.xctoolchain/usr/bin/clang -Xlinker -reproducible -target arm64-apple-ios17.0-simulator -isysroot /Applications/Xcode.app/Contents/Developer/Platforms/iPhoneSimulator.platform/Developer/SDKs/iPhoneSimulator26.5.sdk -O0 -L/Users/hyder/Library/Developer/Xcode/DerivedData/CharadesTiltGuess-dofhjvdgiyaqetedgsrvlylfuexi/Build/Products/Debug-iphonesimulator -F/Users/hyder/Library/Developer/Xcode/DerivedData/CharadesTiltGuess-dofhjvdgiyaqetedgsrvlylfuexi/Build/Products/Debug-iphonesimulator -Xlinker -rpath -Xlinker @executable_path -Xlinker -rpath -Xlinker @executable_path/Frameworks -rdynamic -Xlinker -no_deduplicate -Xlinker -objc_abi_version -Xlinker 2 -e ___debug_blank_executor_main -Xlinker -sectcreate -Xlinker __TEXT -Xlinker __debug_dylib -Xlinker /Users/hyder/Library/Developer/Xcode/DerivedData/CharadesTiltGuess-dofhjvdgiyaqetedgsrvlylfuexi/Build/Intermediates.noindex/CharadesTiltGuess.build/Debug-iphonesimulator/CharadesTiltGuess.build/CharadesTiltGuess-DebugDylibPath-normal-arm64.txt -Xlinker -sectcreate -Xlinker __TEXT -Xlinker __debug_instlnm -Xlinker /Users/hyder/Library/Developer/Xcode/DerivedData/CharadesTiltGuess-dofhjvdgiyaqetedgsrvlylfuexi/Build/Intermediates.noindex/CharadesTiltGuess.build/Debug-iphonesimulator/CharadesTiltGuess.build/CharadesTiltGuess-DebugDylibInstallName-normal-arm64.txt -Xlinker -filelist -Xlinker /Users/hyder/Library/Developer/Xcode/DerivedData/CharadesTiltGuess-dofhjvdgiyaqetedgsrvlylfuexi/Build/Intermediates.noindex/CharadesTiltGuess.build/Debug-iphonesimulator/CharadesTiltGuess.build/CharadesTiltGuess-ExecutorLinkFileList-normal-arm64.txt -Xlinker -sectcreate -Xlinker __TEXT -Xlinker __entitlements -Xlinker /Users/hyder/Library/Developer/Xcode/DerivedData/CharadesTiltGuess-dofhjvdgiyaqetedgsrvlylfuexi/Build/Intermediates.noindex/CharadesTiltGuess.build/Debug-iphonesimulator/CharadesTiltGuess.build/CharadesTiltGuess.app-Simulated.xcent -Xlinker -sectcreate -Xlinker __TEXT -Xlinker __ents_der -Xlinker /Users/hyder/Library/Developer/Xcode/DerivedData/CharadesTiltGuess-dofhjvdgiyaqetedgsrvlylfuexi/Build/Intermediates.noindex/CharadesTiltGuess.build/Debug-iphonesimulator/CharadesTiltGuess.build/CharadesTiltGuess.app-Simulated.xcent.der /Users/hyder/Library/Developer/Xcode/DerivedData/CharadesTiltGuess-dofhjvdgiyaqetedgsrvlylfuexi/Build/Intermediates.noindex/CharadesTiltGuess.build/Debug-iphonesimulator/CharadesTiltGuess.build/Objects-normal/arm64/Binary/CharadesTiltGuess.debug.dylib -Xlinker -no_adhoc_codesign -o /Users/hyder/Library/Developer/Xcode/DerivedData/CharadesTiltGuess-dofhjvdgiyaqetedgsrvlylfuexi/Build/Intermediates.noindex/CharadesTiltGuess.build/Debug-iphonesimulator/CharadesTiltGuess.build/Objects-normal/arm64/Binary/CharadesTiltGuess

CreateUniversalBinary /Users/hyder/Library/Developer/Xcode/DerivedData/CharadesTiltGuess-dofhjvdgiyaqetedgsrvlylfuexi/Build/Products/Debug-iphonesimulator/CharadesTiltGuess.app/CharadesTiltGuess normal arm64\ x86_64 (in target 'CharadesTiltGuess' from project 'CharadesTiltGuess')
    cd /Users/hyder/Documents/Projects/Charades
    /Applications/Xcode.app/Contents/Developer/Toolchains/XcodeDefault.xctoolchain/usr/bin/lipo -create /Users/hyder/Library/Developer/Xcode/DerivedData/CharadesTiltGuess-dofhjvdgiyaqetedgsrvlylfuexi/Build/Intermediates.noindex/CharadesTiltGuess.build/Debug-iphonesimulator/CharadesTiltGuess.build/Objects-normal/arm64/Binary/CharadesTiltGuess /Users/hyder/Library/Developer/Xcode/DerivedData/CharadesTiltGuess-dofhjvdgiyaqetedgsrvlylfuexi/Build/Intermediates.noindex/CharadesTiltGuess.build/Debug-iphonesimulator/CharadesTiltGuess.build/Objects-normal/x86_64/Binary/CharadesTiltGuess -output /Users/hyder/Library/Developer/Xcode/DerivedData/CharadesTiltGuess-dofhjvdgiyaqetedgsrvlylfuexi/Build/Products/Debug-iphonesimulator/CharadesTiltGuess.app/CharadesTiltGuess

CopySwiftLibs /Users/hyder/Library/Developer/Xcode/DerivedData/CharadesTiltGuess-dofhjvdgiyaqetedgsrvlylfuexi/Build/Products/Debug-iphonesimulator/CharadesTiltGuess.app (in target 'CharadesTiltGuess' from project 'CharadesTiltGuess')
    cd /Users/hyder/Documents/Projects/Charades
    builtin-swiftStdLibTool --copy --verbose --sign - --scan-executable /Users/hyder/Library/Developer/Xcode/DerivedData/CharadesTiltGuess-dofhjvdgiyaqetedgsrvlylfuexi/Build/Products/Debug-iphonesimulator/CharadesTiltGuess.app/CharadesTiltGuess.debug.dylib --scan-folder /Users/hyder/Library/Developer/Xcode/DerivedData/CharadesTiltGuess-dofhjvdgiyaqetedgsrvlylfuexi/Build/Products/Debug-iphonesimulator/CharadesTiltGuess.app/Frameworks --scan-folder /Users/hyder/Library/Developer/Xcode/DerivedData/CharadesTiltGuess-dofhjvdgiyaqetedgsrvlylfuexi/Build/Products/Debug-iphonesimulator/CharadesTiltGuess.app/PlugIns --scan-folder /Users/hyder/Library/Developer/Xcode/DerivedData/CharadesTiltGuess-dofhjvdgiyaqetedgsrvlylfuexi/Build/Products/Debug-iphonesimulator/CharadesTiltGuess.app/SystemExtensions --scan-folder /Users/hyder/Library/Developer/Xcode/DerivedData/CharadesTiltGuess-dofhjvdgiyaqetedgsrvlylfuexi/Build/Products/Debug-iphonesimulator/CharadesTiltGuess.app/Extensions --platform iphonesimulator --toolchain /Applications/Xcode.app/Contents/Developer/Toolchains/XcodeDefault.xctoolchain --destination /Users/hyder/Library/Developer/Xcode/DerivedData/CharadesTiltGuess-dofhjvdgiyaqetedgsrvlylfuexi/Build/Products/Debug-iphonesimulator/CharadesTiltGuess.app/Frameworks --strip-bitcode --strip-bitcode-tool /Applications/Xcode.app/Contents/Developer/Toolchains/XcodeDefault.xctoolchain/usr/bin/bitcode_strip --emit-dependency-info /Users/hyder/Library/Developer/Xcode/DerivedData/CharadesTiltGuess-dofhjvdgiyaqetedgsrvlylfuexi/Build/Intermediates.noindex/CharadesTiltGuess.build/Debug-iphonesimulator/CharadesTiltGuess.build/SwiftStdLibToolInputDependencies.dep --filter-for-swift-os --back-deploy-swift-span

ExtractAppIntentsMetadata (in target 'CharadesTiltGuess' from project 'CharadesTiltGuess')
    cd /Users/hyder/Documents/Projects/Charades
    /Applications/Xcode.app/Contents/Developer/Toolchains/XcodeDefault.xctoolchain/usr/bin/appintentsmetadataprocessor --toolchain-dir /Applications/Xcode.app/Contents/Developer/Toolchains/XcodeDefault.xctoolchain --module-name CharadesTiltGuess --sdk-root /Applications/Xcode.app/Contents/Developer/Platforms/iPhoneSimulator.platform/Developer/SDKs/iPhoneSimulator26.5.sdk --xcode-version 17F42 --platform-family iOS --deployment-target 17.0 --bundle-identifier com.hyder.CharadesTiltGuess --output /Users/hyder/Library/Developer/Xcode/DerivedData/CharadesTiltGuess-dofhjvdgiyaqetedgsrvlylfuexi/Build/Products/Debug-iphonesimulator/CharadesTiltGuess.app --target-triple arm64-apple-ios17.0-simulator --target-triple x86_64-apple-ios17.0-simulator --binary-file /Users/hyder/Library/Developer/Xcode/DerivedData/CharadesTiltGuess-dofhjvdgiyaqetedgsrvlylfuexi/Build/Products/Debug-iphonesimulator/CharadesTiltGuess.app/CharadesTiltGuess --dependency-file /Users/hyder/Library/Developer/Xcode/DerivedData/CharadesTiltGuess-dofhjvdgiyaqetedgsrvlylfuexi/Build/Intermediates.noindex/CharadesTiltGuess.build/Debug-iphonesimulator/CharadesTiltGuess.build/Objects-normal/arm64/CharadesTiltGuess_dependency_info.dat --dependency-file /Users/hyder/Library/Developer/Xcode/DerivedData/CharadesTiltGuess-dofhjvdgiyaqetedgsrvlylfuexi/Build/Intermediates.noindex/CharadesTiltGuess.build/Debug-iphonesimulator/CharadesTiltGuess.build/Objects-normal/x86_64/CharadesTiltGuess_dependency_info.dat --stringsdata-file /Users/hyder/Library/Developer/Xcode/DerivedData/CharadesTiltGuess-dofhjvdgiyaqetedgsrvlylfuexi/Build/Intermediates.noindex/CharadesTiltGuess.build/Debug-iphonesimulator/CharadesTiltGuess.build/Objects-normal/arm64/ExtractedAppShortcutsMetadata.stringsdata --stringsdata-file /Users/hyder/Library/Developer/Xcode/DerivedData/CharadesTiltGuess-dofhjvdgiyaqetedgsrvlylfuexi/Build/Intermediates.noindex/CharadesTiltGuess.build/Debug-iphonesimulator/CharadesTiltGuess.build/Objects-normal/x86_64/ExtractedAppShortcutsMetadata.stringsdata --source-file-list /Users/hyder/Library/Developer/Xcode/DerivedData/CharadesTiltGuess-dofhjvdgiyaqetedgsrvlylfuexi/Build/Intermediates.noindex/CharadesTiltGuess.build/Debug-iphonesimulator/CharadesTiltGuess.build/Objects-normal/arm64/CharadesTiltGuess.SwiftFileList --source-file-list /Users/hyder/Library/Developer/Xcode/DerivedData/CharadesTiltGuess-dofhjvdgiyaqetedgsrvlylfuexi/Build/Intermediates.noindex/CharadesTiltGuess.build/Debug-iphonesimulator/CharadesTiltGuess.build/Objects-normal/x86_64/CharadesTiltGuess.SwiftFileList --metadata-file-list /Users/hyder/Library/Developer/Xcode/DerivedData/CharadesTiltGuess-dofhjvdgiyaqetedgsrvlylfuexi/Build/Intermediates.noindex/CharadesTiltGuess.build/Debug-iphonesimulator/CharadesTiltGuess.build/CharadesTiltGuess.DependencyMetadataFileList --static-metadata-file-list /Users/hyder/Library/Developer/Xcode/DerivedData/CharadesTiltGuess-dofhjvdgiyaqetedgsrvlylfuexi/Build/Intermediates.noindex/CharadesTiltGuess.build/Debug-iphonesimulator/CharadesTiltGuess.build/CharadesTiltGuess.DependencyStaticMetadataFileList --swift-const-vals-list /Users/hyder/Library/Developer/Xcode/DerivedData/CharadesTiltGuess-dofhjvdgiyaqetedgsrvlylfuexi/Build/Intermediates.noindex/CharadesTiltGuess.build/Debug-iphonesimulator/CharadesTiltGuess.build/Objects-normal/arm64/CharadesTiltGuess.SwiftConstValuesFileList --swift-const-vals-list /Users/hyder/Library/Developer/Xcode/DerivedData/CharadesTiltGuess-dofhjvdgiyaqetedgsrvlylfuexi/Build/Intermediates.noindex/CharadesTiltGuess.build/Debug-iphonesimulator/CharadesTiltGuess.build/Objects-normal/x86_64/CharadesTiltGuess.SwiftConstValuesFileList --compile-time-extraction --deployment-aware-processing --validate-assistant-intents --no-app-shortcuts-localization
2026-06-26 21:59:39.694 appintentsmetadataprocessor[94385:6812181] Starting appintentsmetadataprocessor export
2026-06-26 21:59:39.698 appintentsmetadataprocessor[94385:6812181] warning: Metadata extraction skipped. No AppIntents.framework dependency found.

AppIntentsSSUTraining (in target 'CharadesTiltGuess' from project 'CharadesTiltGuess')
    cd /Users/hyder/Documents/Projects/Charades
    /Applications/Xcode.app/Contents/Developer/Toolchains/XcodeDefault.xctoolchain/usr/bin/appintentsnltrainingprocessor --infoplist-path /Users/hyder/Library/Developer/Xcode/DerivedData/CharadesTiltGuess-dofhjvdgiyaqetedgsrvlylfuexi/Build/Products/Debug-iphonesimulator/CharadesTiltGuess.app/Info.plist --temp-dir-path /Users/hyder/Library/Developer/Xcode/DerivedData/CharadesTiltGuess-dofhjvdgiyaqetedgsrvlylfuexi/Build/Intermediates.noindex/CharadesTiltGuess.build/Debug-iphonesimulator/CharadesTiltGuess.build/ssu --bundle-id com.hyder.CharadesTiltGuess --product-path /Users/hyder/Library/Developer/Xcode/DerivedData/CharadesTiltGuess-dofhjvdgiyaqetedgsrvlylfuexi/Build/Products/Debug-iphonesimulator/CharadesTiltGuess.app --extracted-metadata-path /Users/hyder/Library/Developer/Xcode/DerivedData/CharadesTiltGuess-dofhjvdgiyaqetedgsrvlylfuexi/Build/Products/Debug-iphonesimulator/CharadesTiltGuess.app/Metadata.appintents --metadata-file-list /Users/hyder/Library/Developer/Xcode/DerivedData/CharadesTiltGuess-dofhjvdgiyaqetedgsrvlylfuexi/Build/Intermediates.noindex/CharadesTiltGuess.build/Debug-iphonesimulator/CharadesTiltGuess.build/CharadesTiltGuess.DependencyMetadataFileList --source-file /Users/hyder/Library/Developer/Xcode/DerivedData/CharadesTiltGuess-dofhjvdgiyaqetedgsrvlylfuexi/Build/Products/Debug-iphonesimulator/CharadesTiltGuess.app/Info.plist --archive-ssu-assets
2026-06-26 21:59:39.714 appintentsnltrainingprocessor[94386:6812182] Parsing options for appintentsnltrainingprocessor
2026-06-26 21:59:39.715 appintentsnltrainingprocessor[94386:6812182] Starting AppIntents SSU YAML Generation
2026-06-26 21:59:39.717 appintentsnltrainingprocessor[94386:6812182] No AppShortcuts found - Skipping.

CodeSign /Users/hyder/Library/Developer/Xcode/DerivedData/CharadesTiltGuess-dofhjvdgiyaqetedgsrvlylfuexi/Build/Products/Debug-iphonesimulator/CharadesTiltGuess.app/CharadesTiltGuess.debug.dylib (in target 'CharadesTiltGuess' from project 'CharadesTiltGuess')
    cd /Users/hyder/Documents/Projects/Charades
    
    Signing Identity:     "Sign to Run Locally"
    
    /usr/bin/codesign --force --sign - --timestamp\=none --generate-entitlement-der /Users/hyder/Library/Developer/Xcode/DerivedData/CharadesTiltGuess-dofhjvdgiyaqetedgsrvlylfuexi/Build/Products/Debug-iphonesimulator/CharadesTiltGuess.app/CharadesTiltGuess.debug.dylib

CodeSign /Users/hyder/Library/Developer/Xcode/DerivedData/CharadesTiltGuess-dofhjvdgiyaqetedgsrvlylfuexi/Build/Products/Debug-iphonesimulator/CharadesTiltGuess.app/__preview.dylib (in target 'CharadesTiltGuess' from project 'CharadesTiltGuess')
    cd /Users/hyder/Documents/Projects/Charades
    
    Signing Identity:     "Sign to Run Locally"
    
    /usr/bin/codesign --force --sign - --timestamp\=none --generate-entitlement-der /Users/hyder/Library/Developer/Xcode/DerivedData/CharadesTiltGuess-dofhjvdgiyaqetedgsrvlylfuexi/Build/Products/Debug-iphonesimulator/CharadesTiltGuess.app/__preview.dylib

CodeSign /Users/hyder/Library/Developer/Xcode/DerivedData/CharadesTiltGuess-dofhjvdgiyaqetedgsrvlylfuexi/Build/Products/Debug-iphonesimulator/CharadesTiltGuess.app (in target 'CharadesTiltGuess' from project 'CharadesTiltGuess')
    cd /Users/hyder/Documents/Projects/Charades
    
    Signing Identity:     "Sign to Run Locally"
    
    /usr/bin/codesign --force --sign - --timestamp\=none --generate-entitlement-der /Users/hyder/Library/Developer/Xcode/DerivedData/CharadesTiltGuess-dofhjvdgiyaqetedgsrvlylfuexi/Build/Products/Debug-iphonesimulator/CharadesTiltGuess.app

RegisterExecutionPolicyException /Users/hyder/Library/Developer/Xcode/DerivedData/CharadesTiltGuess-dofhjvdgiyaqetedgsrvlylfuexi/Build/Products/Debug-iphonesimulator/CharadesTiltGuess.app (in target 'CharadesTiltGuess' from project 'CharadesTiltGuess')
    cd /Users/hyder/Documents/Projects/Charades
    builtin-RegisterExecutionPolicyException /Users/hyder/Library/Developer/Xcode/DerivedData/CharadesTiltGuess-dofhjvdgiyaqetedgsrvlylfuexi/Build/Products/Debug-iphonesimulator/CharadesTiltGuess.app

Validate /Users/hyder/Library/Developer/Xcode/DerivedData/CharadesTiltGuess-dofhjvdgiyaqetedgsrvlylfuexi/Build/Products/Debug-iphonesimulator/CharadesTiltGuess.app (in target 'CharadesTiltGuess' from project 'CharadesTiltGuess')
    cd /Users/hyder/Documents/Projects/Charades
    builtin-validationUtility /Users/hyder/Library/Developer/Xcode/DerivedData/CharadesTiltGuess-dofhjvdgiyaqetedgsrvlylfuexi/Build/Products/Debug-iphonesimulator/CharadesTiltGuess.app -shallow-bundle -infoplist-subpath Info.plist

Touch /Users/hyder/Library/Developer/Xcode/DerivedData/CharadesTiltGuess-dofhjvdgiyaqetedgsrvlylfuexi/Build/Products/Debug-iphonesimulator/CharadesTiltGuess.app (in target 'CharadesTiltGuess' from project 'CharadesTiltGuess')
    cd /Users/hyder/Documents/Projects/Charades
    /usr/bin/touch -c /Users/hyder/Library/Developer/Xcode/DerivedData/CharadesTiltGuess-dofhjvdgiyaqetedgsrvlylfuexi/Build/Products/Debug-iphonesimulator/CharadesTiltGuess.app

note: Removed stale file '/Users/hyder/Library/Developer/Xcode/DerivedData/CharadesTiltGuess-dofhjvdgiyaqetedgsrvlylfuexi/Build/Intermediates.noindex/CharadesTiltGuess.build/Debug-iphonesimulator/CharadesTiltGuess.build/Objects-normal/x86_64/BuyMeACoffeeView-237b20b4f6ceb9f67ab71b0fbe0d009b.swiftconstvalues'

** BUILD SUCCEEDED **

